scenario_id,raw_template_instance_count,role_assignment_count,rejected_before_assignment_count,rejected_after_assignment_count,admitted_candidate_count,multi_threat_shared_candidate_count,transformation_revalidation_pass_count,rejection_reason_counts,finite_shift_scope
S2-CRI-OVR,37,54,0,0,54,9,54,{},exact feasible intervals with finite critical-point representatives; continuous-time completeness not claimed
S2-CRI-SEQ,34,53,0,0,53,8,53,{},exact feasible intervals with finite critical-point representatives; continuous-time completeness not claimed
S2-CRI-SUR,31,42,2,3,39,9,39,"{""information_timing_violation"":2,""per_uav_inventory_shortage"":3}",exact feasible intervals with finite critical-point representatives; continuous-time completeness not claimed
S2-SHO-OVR,45,65,0,21,44,8,44,"{""per_uav_inventory_shortage"":21}",exact feasible intervals with finite critical-point representatives; continuous-time completeness not claimed
S2-SHO-SEQ,41,64,0,28,36,0,36,"{""per_uav_inventory_shortage"":28}",exact feasible intervals with finite critical-point representatives; continuous-time completeness not claimed
S2-SHO-SUR,38,50,3,13,37,7,37,"{""information_timing_violation"":3,""per_uav_inventory_shortage"":13}",exact feasible intervals with finite critical-point representatives; continuous-time completeness not claimed
S2-SUF-OVR,30,44,0,0,44,8,44,{},exact feasible intervals with finite critical-point representatives; continuous-time completeness not claimed
S2-SUF-SEQ,27,42,0,0,42,6,42,{},exact feasible intervals with finite critical-point representatives; continuous-time completeness not claimed
S2-SUF-SUR,19,27,1,3,24,1,24,"{""information_timing_violation"":1,""per_uav_inventory_shortage"":3}",exact feasible intervals with finite critical-point representatives; continuous-time completeness not claimed
