candidate_id,physical_action_hash,physical_action_count,served_threat_ids,served_threat_count,per_threat_continuous_status,per_threat_independent_status,per_threat_minimum_margin,per_threat_uncovered_area,exact_event_identity_status,inventory_count_status,selected_in_plan_ids,audit_status
S2-CRI-OVR::T-Q2-THREE::CRI-OVR-M1+CRI-OVR-M2+CRI-OVR-M3+CRI-OVR-M4+CRI-OVR-M5::UAV-1,CB64A9BF39D90496B8842294CE2E8776A971B7F808CF5C74EC148691AD0D1D44,3,"[""CRI-OVR-M1"",""CRI-OVR-M2"",""CRI-OVR-M3"",""CRI-OVR-M4"",""CRI-OVR-M5""]",5,"{""CRI-OVR-M1"":""PASS"",""CRI-OVR-M2"":""PASS"",""CRI-OVR-M3"":""PASS"",""CRI-OVR-M4"":""PASS"",""CRI-OVR-M5"":""PASS""}","{""CRI-OVR-M1"":""PASS"",""CRI-OVR-M2"":""PASS"",""CRI-OVR-M3"":""PASS"",""CRI-OVR-M4"":""PASS"",""CRI-OVR-M5"":""PASS""}","{""CRI-OVR-M1"":8.0,""CRI-OVR-M2"":9.5,""CRI-OVR-M3"":11.0,""CRI-OVR-M4"":9.5,""CRI-OVR-M5"":8.0}","{""CRI-OVR-M1"":0.0,""CRI-OVR-M2"":0.0,""CRI-OVR-M3"":0.0,""CRI-OVR-M4"":0.0,""CRI-OVR-M5"":0.0}",PASS,PASS,[],PASS
S2-CRI-OVR::T-Q2-THREE::CRI-OVR-M1+CRI-OVR-M2+CRI-OVR-M3+CRI-OVR-M4+CRI-OVR-M5::UAV-3,979837BB633392BC3433FBCDB7BC8E38B36586C4A6774994F69B2DCA5C5F8C61,3,"[""CRI-OVR-M1"",""CRI-OVR-M2"",""CRI-OVR-M3"",""CRI-OVR-M4"",""CRI-OVR-M5""]",5,"{""CRI-OVR-M1"":""PASS"",""CRI-OVR-M2"":""PASS"",""CRI-OVR-M3"":""PASS"",""CRI-OVR-M4"":""PASS"",""CRI-OVR-M5"":""PASS""}","{""CRI-OVR-M1"":""PASS"",""CRI-OVR-M2"":""PASS"",""CRI-OVR-M3"":""PASS"",""CRI-OVR-M4"":""PASS"",""CRI-OVR-M5"":""PASS""}","{""CRI-OVR-M1"":8.0,""CRI-OVR-M2"":9.5,""CRI-OVR-M3"":11.0,""CRI-OVR-M4"":9.5,""CRI-OVR-M5"":8.0}","{""CRI-OVR-M1"":0.0,""CRI-OVR-M2"":0.0,""CRI-OVR-M3"":0.0,""CRI-OVR-M4"":0.0,""CRI-OVR-M5"":0.0}",PASS,PASS,[],PASS
S2-CRI-OVR::T-Q2-TWO::CRI-OVR-M1+CRI-OVR-M2+CRI-OVR-M3+CRI-OVR-M4+CRI-OVR-M5::UAV-2,658FE1E81B8904B4507B41E8F031D30C510342B6307CB315F92BFD7345F2CBED,2,"[""CRI-OVR-M1"",""CRI-OVR-M2"",""CRI-OVR-M3"",""CRI-OVR-M4"",""CRI-OVR-M5""]",5,"{""CRI-OVR-M1"":""PASS"",""CRI-OVR-M2"":""PASS"",""CRI-OVR-M3"":""PASS"",""CRI-OVR-M4"":""PASS"",""CRI-OVR-M5"":""PASS""}","{""CRI-OVR-M1"":""PASS"",""CRI-OVR-M2"":""PASS"",""CRI-OVR-M3"":""PASS"",""CRI-OVR-M4"":""PASS"",""CRI-OVR-M5"":""PASS""}","{""CRI-OVR-M1"":3.0,""CRI-OVR-M2"":4.5,""CRI-OVR-M3"":6.0,""CRI-OVR-M4"":4.5,""CRI-OVR-M5"":3.0}","{""CRI-OVR-M1"":0.0,""CRI-OVR-M2"":0.0,""CRI-OVR-M3"":0.0,""CRI-OVR-M4"":0.0,""CRI-OVR-M5"":0.0}",PASS,PASS,"[""S2-CRI-OVR::Q4-A""]",PASS
S2-CRI-OVR::T-Q2-TWO::CRI-OVR-M1+CRI-OVR-M2+CRI-OVR-M3+CRI-OVR-M4+CRI-OVR-M5::UAV-5,E416C7E0511F408554BA2800BD3D06E70001F493A1B240A3A5988C25A0FE3199,2,"[""CRI-OVR-M1"",""CRI-OVR-M2"",""CRI-OVR-M3"",""CRI-OVR-M4"",""CRI-OVR-M5""]",5,"{""CRI-OVR-M1"":""PASS"",""CRI-OVR-M2"":""PASS"",""CRI-OVR-M3"":""PASS"",""CRI-OVR-M4"":""PASS"",""CRI-OVR-M5"":""PASS""}","{""CRI-OVR-M1"":""PASS"",""CRI-OVR-M2"":""PASS"",""CRI-OVR-M3"":""PASS"",""CRI-OVR-M4"":""PASS"",""CRI-OVR-M5"":""PASS""}","{""CRI-OVR-M1"":3.0,""CRI-OVR-M2"":4.5,""CRI-OVR-M3"":6.0,""CRI-OVR-M4"":4.5,""CRI-OVR-M5"":3.0}","{""CRI-OVR-M1"":0.0,""CRI-OVR-M2"":0.0,""CRI-OVR-M3"":0.0,""CRI-OVR-M4"":0.0,""CRI-OVR-M5"":0.0}",PASS,PASS,[],PASS
S2-CRI-OVR::T-Q3-P1::CRI-OVR-M1+CRI-OVR-M2+CRI-OVR-M3::UAV-1-UAV-2-UAV-3,617CC94CAA8D14B8CD8854EB321185191319F5EF327FB71D2815B6C5DC5A4EBC,3,"[""CRI-OVR-M1"",""CRI-OVR-M2"",""CRI-OVR-M3""]",3,"{""CRI-OVR-M1"":""PASS"",""CRI-OVR-M2"":""PASS"",""CRI-OVR-M3"":""PASS""}","{""CRI-OVR-M1"":""PASS"",""CRI-OVR-M2"":""PASS"",""CRI-OVR-M3"":""PASS""}","{""CRI-OVR-M1"":0.5,""CRI-OVR-M2"":2.0,""CRI-OVR-M3"":0.5}","{""CRI-OVR-M1"":0.0,""CRI-OVR-M2"":0.0,""CRI-OVR-M3"":0.0}",PASS,PASS,[],PASS
S2-CRI-OVR::T-Q3-P1::CRI-OVR-M2+CRI-OVR-M3+CRI-OVR-M4::UAV-1-UAV-2-UAV-3,F4A87998E7A12A1DCA2FD2608AAB5C81CC9DA3E2C1C12E96AC19D8DF384D98B7,3,"[""CRI-OVR-M2"",""CRI-OVR-M3"",""CRI-OVR-M4""]",3,"{""CRI-OVR-M2"":""PASS"",""CRI-OVR-M3"":""PASS"",""CRI-OVR-M4"":""PASS""}","{""CRI-OVR-M2"":""PASS"",""CRI-OVR-M3"":""PASS"",""CRI-OVR-M4"":""PASS""}","{""CRI-OVR-M2"":0.5,""CRI-OVR-M3"":2.0,""CRI-OVR-M4"":0.5}","{""CRI-OVR-M2"":0.0,""CRI-OVR-M3"":0.0,""CRI-OVR-M4"":0.0}",PASS,PASS,[],PASS
S2-CRI-OVR::T-Q3-P1::CRI-OVR-M3+CRI-OVR-M4+CRI-OVR-M5::UAV-1-UAV-2-UAV-3,CED6DC1E1E18F8C752F2962ECB8994F59D90F47D1AA4132885819353A1EDBC87,3,"[""CRI-OVR-M3"",""CRI-OVR-M4"",""CRI-OVR-M5""]",3,"{""CRI-OVR-M3"":""PASS"",""CRI-OVR-M4"":""PASS"",""CRI-OVR-M5"":""PASS""}","{""CRI-OVR-M3"":""PASS"",""CRI-OVR-M4"":""PASS"",""CRI-OVR-M5"":""PASS""}","{""CRI-OVR-M3"":0.5,""CRI-OVR-M4"":2.0,""CRI-OVR-M5"":0.5}","{""CRI-OVR-M3"":0.0,""CRI-OVR-M4"":0.0,""CRI-OVR-M5"":0.0}",PASS,PASS,[],PASS
S2-CRI-OVR::T-Q3-P2::CRI-OVR-M1+CRI-OVR-M2+CRI-OVR-M3+CRI-OVR-M4+CRI-OVR-M5::UAV-2-UAV-3-UAV-4,895D4162B385D4CC3D18C336892D519FFEC0E7B4752A4CDDA674F77B654E557F,3,"[""CRI-OVR-M1"",""CRI-OVR-M2"",""CRI-OVR-M3"",""CRI-OVR-M4"",""CRI-OVR-M5""]",5,"{""CRI-OVR-M1"":""PASS"",""CRI-OVR-M2"":""PASS"",""CRI-OVR-M3"":""PASS"",""CRI-OVR-M4"":""PASS"",""CRI-OVR-M5"":""PASS""}","{""CRI-OVR-M1"":""PASS"",""CRI-OVR-M2"":""PASS"",""CRI-OVR-M3"":""PASS"",""CRI-OVR-M4"":""PASS"",""CRI-OVR-M5"":""PASS""}","{""CRI-OVR-M1"":3.0,""CRI-OVR-M2"":4.5,""CRI-OVR-M3"":6.0,""CRI-OVR-M4"":4.5,""CRI-OVR-M5"":3.0}","{""CRI-OVR-M1"":0.0,""CRI-OVR-M2"":0.0,""CRI-OVR-M3"":0.0,""CRI-OVR-M4"":0.0,""CRI-OVR-M5"":0.0}",PASS,PASS,[],PASS
S2-CRI-OVR::T-Q3-P4::CRI-OVR-M1+CRI-OVR-M2+CRI-OVR-M3+CRI-OVR-M4+CRI-OVR-M5::UAV-3-UAV-4-UAV-5,5EE82BBBCA19F6BF5D6008347398E007875E1F4E58B626B4FCDADEE53C1BD4CC,3,"[""CRI-OVR-M1"",""CRI-OVR-M2"",""CRI-OVR-M3"",""CRI-OVR-M4"",""CRI-OVR-M5""]",5,"{""CRI-OVR-M1"":""PASS"",""CRI-OVR-M2"":""PASS"",""CRI-OVR-M3"":""PASS"",""CRI-OVR-M4"":""PASS"",""CRI-OVR-M5"":""PASS""}","{""CRI-OVR-M1"":""PASS"",""CRI-OVR-M2"":""PASS"",""CRI-OVR-M3"":""PASS"",""CRI-OVR-M4"":""PASS"",""CRI-OVR-M5"":""PASS""}","{""CRI-OVR-M1"":0.0,""CRI-OVR-M2"":1.5,""CRI-OVR-M3"":3.0,""CRI-OVR-M4"":1.5,""CRI-OVR-M5"":0.0}","{""CRI-OVR-M1"":0.0,""CRI-OVR-M2"":0.0,""CRI-OVR-M3"":0.0,""CRI-OVR-M4"":0.0,""CRI-OVR-M5"":0.0}",PASS,PASS,[],PASS
S2-CRI-SEQ::T-Q2-THREE::CRI-SEQ-M1+CRI-SEQ-M2::UAV-1,CB64A9BF39D90496B8842294CE2E8776A971B7F808CF5C74EC148691AD0D1D44,3,"[""CRI-SEQ-M1"",""CRI-SEQ-M2""]",2,"{""CRI-SEQ-M1"":""PASS"",""CRI-SEQ-M2"":""PASS""}","{""CRI-SEQ-M1"":""PASS"",""CRI-SEQ-M2"":""PASS""}","{""CRI-SEQ-M1"":0.0,""CRI-SEQ-M2"":0.0}","{""CRI-SEQ-M1"":0.0,""CRI-SEQ-M2"":0.0}",PASS,PASS,"[""S2-CRI-SEQ::P1_L_RECONSTRUCTED"",""S2-CRI-SEQ::P1_T_RECONSTRUCTED"",""S2-CRI-SEQ::Q4-A""]",PASS
S2-CRI-SEQ::T-Q2-THREE::CRI-SEQ-M1+CRI-SEQ-M2::UAV-3,979837BB633392BC3433FBCDB7BC8E38B36586C4A6774994F69B2DCA5C5F8C61,3,"[""CRI-SEQ-M1"",""CRI-SEQ-M2""]",2,"{""CRI-SEQ-M1"":""PASS"",""CRI-SEQ-M2"":""PASS""}","{""CRI-SEQ-M1"":""PASS"",""CRI-SEQ-M2"":""PASS""}","{""CRI-SEQ-M1"":0.0,""CRI-SEQ-M2"":0.0}","{""CRI-SEQ-M1"":0.0,""CRI-SEQ-M2"":0.0}",PASS,PASS,[],PASS
S2-CRI-SEQ::T-Q2-THREE::CRI-SEQ-M2+CRI-SEQ-M3::UAV-1,2D80E82C894068D77F0BC6EFC87B99E2CCFDF7667EEA3B7F105F99D111108F13,3,"[""CRI-SEQ-M2"",""CRI-SEQ-M3""]",2,"{""CRI-SEQ-M2"":""PASS"",""CRI-SEQ-M3"":""PASS""}","{""CRI-SEQ-M2"":""PASS"",""CRI-SEQ-M3"":""PASS""}","{""CRI-SEQ-M2"":0.0,""CRI-SEQ-M3"":0.0}","{""CRI-SEQ-M2"":0.0,""CRI-SEQ-M3"":0.0}",PASS,PASS,[],PASS
S2-CRI-SEQ::T-Q2-THREE::CRI-SEQ-M2+CRI-SEQ-M3::UAV-3,83C42C91C0A79F7A8F7C4E0A4E99E97F49BDD066093BBC9C0113312145984AC8,3,"[""CRI-SEQ-M2"",""CRI-SEQ-M3""]",2,"{""CRI-SEQ-M2"":""PASS"",""CRI-SEQ-M3"":""PASS""}","{""CRI-SEQ-M2"":""PASS"",""CRI-SEQ-M3"":""PASS""}","{""CRI-SEQ-M2"":0.0,""CRI-SEQ-M3"":0.0}","{""CRI-SEQ-M2"":0.0,""CRI-SEQ-M3"":0.0}",PASS,PASS,[],PASS
S2-CRI-SEQ::T-Q2-THREE::CRI-SEQ-M3+CRI-SEQ-M4::UAV-1,17775E86CE17193E47FA3FCCC5C853AFFCCEA433DC2DC8AD5F46649C2A81B54D,3,"[""CRI-SEQ-M3"",""CRI-SEQ-M4""]",2,"{""CRI-SEQ-M3"":""PASS"",""CRI-SEQ-M4"":""PASS""}","{""CRI-SEQ-M3"":""PASS"",""CRI-SEQ-M4"":""PASS""}","{""CRI-SEQ-M3"":0.0,""CRI-SEQ-M4"":0.0}","{""CRI-SEQ-M3"":0.0,""CRI-SEQ-M4"":0.0}",PASS,PASS,[],PASS
S2-CRI-SEQ::T-Q2-THREE::CRI-SEQ-M3+CRI-SEQ-M4::UAV-3,0FE06FA8BEE6A60FCDA6AC87A87C67BD05D4C2AD6E40E98AA342B198EA0DAC53,3,"[""CRI-SEQ-M3"",""CRI-SEQ-M4""]",2,"{""CRI-SEQ-M3"":""PASS"",""CRI-SEQ-M4"":""PASS""}","{""CRI-SEQ-M3"":""PASS"",""CRI-SEQ-M4"":""PASS""}","{""CRI-SEQ-M3"":0.0,""CRI-SEQ-M4"":0.0}","{""CRI-SEQ-M3"":0.0,""CRI-SEQ-M4"":0.0}",PASS,PASS,"[""S2-CRI-SEQ::P1_L_RECONSTRUCTED"",""S2-CRI-SEQ::P1_T_RECONSTRUCTED"",""S2-CRI-SEQ::Q4-A""]",PASS
S2-CRI-SEQ::T-Q2-THREE::CRI-SEQ-M4+CRI-SEQ-M5::UAV-1,08CFD7CDD1E3B4541630A64BA171AD9C3010703498147A0533B15AAC247AAE4F,3,"[""CRI-SEQ-M4"",""CRI-SEQ-M5""]",2,"{""CRI-SEQ-M4"":""PASS"",""CRI-SEQ-M5"":""PASS""}","{""CRI-SEQ-M4"":""PASS"",""CRI-SEQ-M5"":""PASS""}","{""CRI-SEQ-M4"":0.0,""CRI-SEQ-M5"":0.0}","{""CRI-SEQ-M4"":0.0,""CRI-SEQ-M5"":0.0}",PASS,PASS,[],PASS
S2-CRI-SEQ::T-Q2-THREE::CRI-SEQ-M4+CRI-SEQ-M5::UAV-3,103A387A1202DA227DEDA0A7FC533EB600474DED6B05169D490C09A38E96D27C,3,"[""CRI-SEQ-M4"",""CRI-SEQ-M5""]",2,"{""CRI-SEQ-M4"":""PASS"",""CRI-SEQ-M5"":""PASS""}","{""CRI-SEQ-M4"":""PASS"",""CRI-SEQ-M5"":""PASS""}","{""CRI-SEQ-M4"":0.0,""CRI-SEQ-M5"":0.0}","{""CRI-SEQ-M4"":0.0,""CRI-SEQ-M5"":0.0}",PASS,PASS,"[""S2-CRI-SEQ::Q4-B""]",PASS
S2-CRI-SUR::T-Q2-THREE::CRI-SUR-M2+CRI-SUR-M4+CRI-SUR-M5::UAV-3,A681122F3AEBFD07582F61C42F85E8C983C12A9640B3FCE671699E06B4A7A3D9,3,"[""CRI-SUR-M2"",""CRI-SUR-M4"",""CRI-SUR-M5""]",3,"{""CRI-SUR-M2"":""PASS"",""CRI-SUR-M4"":""PASS"",""CRI-SUR-M5"":""PASS""}","{""CRI-SUR-M2"":""PASS"",""CRI-SUR-M4"":""PASS"",""CRI-SUR-M5"":""PASS""}","{""CRI-SUR-M2"":3.5,""CRI-SUR-M4"":3.5,""CRI-SUR-M5"":6.5}","{""CRI-SUR-M2"":0.0,""CRI-SUR-M4"":0.0,""CRI-SUR-M5"":0.0}",PASS,PASS,"[""S2-CRI-SUR::Q4-A""]",PASS
S2-CRI-SUR::T-Q2-TWO::CRI-SUR-M2+CRI-SUR-M5::UAV-2,1245DFAEDCC3EBEA988197C17F25CF1D81FBB91518421B8F1DBA9BCDAD4BB9D3,2,"[""CRI-SUR-M2"",""CRI-SUR-M5""]",2,"{""CRI-SUR-M2"":""PASS"",""CRI-SUR-M5"":""PASS""}","{""CRI-SUR-M2"":""PASS"",""CRI-SUR-M5"":""PASS""}","{""CRI-SUR-M2"":0.0,""CRI-SUR-M5"":0.0}","{""CRI-SUR-M2"":0.0,""CRI-SUR-M5"":0.0}",PASS,PASS,"[""S2-CRI-SUR::Q4-B""]",PASS
S2-CRI-SUR::T-Q2-TWO::CRI-SUR-M2+CRI-SUR-M5::UAV-5,96D0D1FCB77F7A0CAB5DFE458AD249F0F9FB9E6AB92FF57B2BF497282B205A58,2,"[""CRI-SUR-M2"",""CRI-SUR-M5""]",2,"{""CRI-SUR-M2"":""PASS"",""CRI-SUR-M5"":""PASS""}","{""CRI-SUR-M2"":""PASS"",""CRI-SUR-M5"":""PASS""}","{""CRI-SUR-M2"":0.0,""CRI-SUR-M5"":0.0}","{""CRI-SUR-M2"":0.0,""CRI-SUR-M5"":0.0}",PASS,PASS,[],PASS
S2-CRI-SUR::T-Q2-TWO::CRI-SUR-M4+CRI-SUR-M5::UAV-2,F532F9192CCFDCB00C5186160E0875EE1BC48E214B78851ABC5F05537B8F6487,2,"[""CRI-SUR-M4"",""CRI-SUR-M5""]",2,"{""CRI-SUR-M4"":""PASS"",""CRI-SUR-M5"":""PASS""}","{""CRI-SUR-M4"":""PASS"",""CRI-SUR-M5"":""PASS""}","{""CRI-SUR-M4"":4.5,""CRI-SUR-M5"":4.5}","{""CRI-SUR-M4"":0.0,""CRI-SUR-M5"":0.0}",PASS,PASS,[],PASS
S2-CRI-SUR::T-Q2-TWO::CRI-SUR-M4+CRI-SUR-M5::UAV-5,8F0AEDAA7978B44640466AB2210E1C4DD5EE1E59722615249D94E3EADBF8D8E8,2,"[""CRI-SUR-M4"",""CRI-SUR-M5""]",2,"{""CRI-SUR-M4"":""PASS"",""CRI-SUR-M5"":""PASS""}","{""CRI-SUR-M4"":""PASS"",""CRI-SUR-M5"":""PASS""}","{""CRI-SUR-M4"":4.5,""CRI-SUR-M5"":4.5}","{""CRI-SUR-M4"":0.0,""CRI-SUR-M5"":0.0}",PASS,PASS,[],PASS
S2-CRI-SUR::T-Q3-P1::CRI-SUR-M4+CRI-SUR-M5::UAV-1-UAV-2-UAV-3,EB9C77CFDF35057DB0610E30D2E7432ED289B93BCCADA6055FECC42282D8E1B6,3,"[""CRI-SUR-M4"",""CRI-SUR-M5""]",2,"{""CRI-SUR-M4"":""PASS"",""CRI-SUR-M5"":""PASS""}","{""CRI-SUR-M4"":""PASS"",""CRI-SUR-M5"":""PASS""}","{""CRI-SUR-M4"":0.5,""CRI-SUR-M5"":0.5}","{""CRI-SUR-M4"":0.0,""CRI-SUR-M5"":0.0}",PASS,PASS,[],PASS
S2-CRI-SUR::T-Q3-P2::CRI-SUR-M2+CRI-SUR-M5::UAV-2-UAV-3-UAV-4,17A98466939048BEE3E8B9D749969FAA1B503319C3A383B497D3708F3E305B8D,3,"[""CRI-SUR-M2"",""CRI-SUR-M5""]",2,"{""CRI-SUR-M2"":""PASS"",""CRI-SUR-M5"":""PASS""}","{""CRI-SUR-M2"":""PASS"",""CRI-SUR-M5"":""PASS""}","{""CRI-SUR-M2"":0.0,""CRI-SUR-M5"":0.0}","{""CRI-SUR-M2"":0.0,""CRI-SUR-M5"":0.0}",PASS,PASS,[],PASS
S2-CRI-SUR::T-Q3-P2::CRI-SUR-M4+CRI-SUR-M5::UAV-2-UAV-3-UAV-4,A0CE8020DC9B3AFF36A13C2B5ABB414ECDACBD2817BB4A2C23EB059F66FB985F,3,"[""CRI-SUR-M4"",""CRI-SUR-M5""]",2,"{""CRI-SUR-M4"":""PASS"",""CRI-SUR-M5"":""PASS""}","{""CRI-SUR-M4"":""PASS"",""CRI-SUR-M5"":""PASS""}","{""CRI-SUR-M4"":4.5,""CRI-SUR-M5"":4.5}","{""CRI-SUR-M4"":0.0,""CRI-SUR-M5"":0.0}",PASS,PASS,[],PASS
S2-CRI-SUR::T-Q3-P4::CRI-SUR-M4+CRI-SUR-M5::UAV-3-UAV-4-UAV-5,CCE10BEBC69BD62B9287793833A35C8C3F008A71B1358863FB71ED852932CF19,3,"[""CRI-SUR-M4"",""CRI-SUR-M5""]",2,"{""CRI-SUR-M4"":""PASS"",""CRI-SUR-M5"":""PASS""}","{""CRI-SUR-M4"":""PASS"",""CRI-SUR-M5"":""PASS""}","{""CRI-SUR-M4"":1.5,""CRI-SUR-M5"":1.5}","{""CRI-SUR-M4"":0.0,""CRI-SUR-M5"":0.0}",PASS,PASS,[],PASS
S2-SHO-OVR::T-Q2-TWO::SHO-OVR-M1+SHO-OVR-M2+SHO-OVR-M3+SHO-OVR-M4+SHO-OVR-M5+SHO-OVR-M6::UAV-2,98EA1653B2C6A57342FA541CDF73A60391EEDF308186D361B4CC247C995BADCC,2,"[""SHO-OVR-M1"",""SHO-OVR-M2"",""SHO-OVR-M3"",""SHO-OVR-M4"",""SHO-OVR-M5"",""SHO-OVR-M6""]",6,"{""SHO-OVR-M1"":""PASS"",""SHO-OVR-M2"":""PASS"",""SHO-OVR-M3"":""PASS"",""SHO-OVR-M4"":""PASS"",""SHO-OVR-M5"":""PASS"",""SHO-OVR-M6"":""PASS""}","{""SHO-OVR-M1"":""PASS"",""SHO-OVR-M2"":""PASS"",""SHO-OVR-M3"":""PASS"",""SHO-OVR-M4"":""PASS"",""SHO-OVR-M5"":""PASS"",""SHO-OVR-M6"":""PASS""}","{""SHO-OVR-M1"":2.25,""SHO-OVR-M2"":3.75,""SHO-OVR-M3"":5.25,""SHO-OVR-M4"":5.25,""SHO-OVR-M5"":3.75,""SHO-OVR-M6"":2.25}","{""SHO-OVR-M1"":0.0,""SHO-OVR-M2"":0.0,""SHO-OVR-M3"":0.0,""SHO-OVR-M4"":0.0,""SHO-OVR-M5"":0.0,""SHO-OVR-M6"":0.0}",PASS,PASS,"[""S2-SHO-OVR::Q4-A""]",PASS
S2-SHO-OVR::T-Q3-P1::SHO-OVR-M1+SHO-OVR-M2+SHO-OVR-M3::UAV-1-UAV-2-UAV-3,617CC94CAA8D14B8CD8854EB321185191319F5EF327FB71D2815B6C5DC5A4EBC,3,"[""SHO-OVR-M1"",""SHO-OVR-M2"",""SHO-OVR-M3""]",3,"{""SHO-OVR-M1"":""PASS"",""SHO-OVR-M2"":""PASS"",""SHO-OVR-M3"":""PASS""}","{""SHO-OVR-M1"":""PASS"",""SHO-OVR-M2"":""PASS"",""SHO-OVR-M3"":""PASS""}","{""SHO-OVR-M1"":0.5,""SHO-OVR-M2"":2.0,""SHO-OVR-M3"":0.5}","{""SHO-OVR-M1"":0.0,""SHO-OVR-M2"":0.0,""SHO-OVR-M3"":0.0}",PASS,PASS,[],PASS
S2-SHO-OVR::T-Q3-P1::SHO-OVR-M2+SHO-OVR-M3+SHO-OVR-M4::UAV-1-UAV-2-UAV-3,F4A87998E7A12A1DCA2FD2608AAB5C81CC9DA3E2C1C12E96AC19D8DF384D98B7,3,"[""SHO-OVR-M2"",""SHO-OVR-M3"",""SHO-OVR-M4""]",3,"{""SHO-OVR-M2"":""PASS"",""SHO-OVR-M3"":""PASS"",""SHO-OVR-M4"":""PASS""}","{""SHO-OVR-M2"":""PASS"",""SHO-OVR-M3"":""PASS"",""SHO-OVR-M4"":""PASS""}","{""SHO-OVR-M2"":0.5,""SHO-OVR-M3"":2.0,""SHO-OVR-M4"":0.5}","{""SHO-OVR-M2"":0.0,""SHO-OVR-M3"":0.0,""SHO-OVR-M4"":0.0}",PASS,PASS,[],PASS
S2-SHO-OVR::T-Q3-P1::SHO-OVR-M3+SHO-OVR-M4+SHO-OVR-M5::UAV-1-UAV-2-UAV-3,CED6DC1E1E18F8C752F2962ECB8994F59D90F47D1AA4132885819353A1EDBC87,3,"[""SHO-OVR-M3"",""SHO-OVR-M4"",""SHO-OVR-M5""]",3,"{""SHO-OVR-M3"":""PASS"",""SHO-OVR-M4"":""PASS"",""SHO-OVR-M5"":""PASS""}","{""SHO-OVR-M3"":""PASS"",""SHO-OVR-M4"":""PASS"",""SHO-OVR-M5"":""PASS""}","{""SHO-OVR-M3"":0.5,""SHO-OVR-M4"":2.0,""SHO-OVR-M5"":0.5}","{""SHO-OVR-M3"":0.0,""SHO-OVR-M4"":0.0,""SHO-OVR-M5"":0.0}",PASS,PASS,[],PASS
S2-SHO-OVR::T-Q3-P1::SHO-OVR-M4+SHO-OVR-M5+SHO-OVR-M6::UAV-1-UAV-2-UAV-3,20FF9735501E738F3BDC520AFC9C479AADB65FD5CC5134EEB50CC9858A839B9C,3,"[""SHO-OVR-M4"",""SHO-OVR-M5"",""SHO-OVR-M6""]",3,"{""SHO-OVR-M4"":""PASS"",""SHO-OVR-M5"":""PASS"",""SHO-OVR-M6"":""PASS""}","{""SHO-OVR-M4"":""PASS"",""SHO-OVR-M5"":""PASS"",""SHO-OVR-M6"":""PASS""}","{""SHO-OVR-M4"":0.5,""SHO-OVR-M5"":2.0,""SHO-OVR-M6"":0.5}","{""SHO-OVR-M4"":0.0,""SHO-OVR-M5"":0.0,""SHO-OVR-M6"":0.0}",PASS,PASS,[],PASS
S2-SHO-OVR::T-Q3-P2::SHO-OVR-M1+SHO-OVR-M2+SHO-OVR-M3+SHO-OVR-M4+SHO-OVR-M5+SHO-OVR-M6::UAV-2-UAV-3-UAV-4,0BFC688D627EE8B0BB79DD812F41109D7E1657516697159DC1D1FD47DB2AAD64,3,"[""SHO-OVR-M1"",""SHO-OVR-M2"",""SHO-OVR-M3"",""SHO-OVR-M4"",""SHO-OVR-M5"",""SHO-OVR-M6""]",6,"{""SHO-OVR-M1"":""PASS"",""SHO-OVR-M2"":""PASS"",""SHO-OVR-M3"":""PASS"",""SHO-OVR-M4"":""PASS"",""SHO-OVR-M5"":""PASS"",""SHO-OVR-M6"":""PASS""}","{""SHO-OVR-M1"":""PASS"",""SHO-OVR-M2"":""PASS"",""SHO-OVR-M3"":""PASS"",""SHO-OVR-M4"":""PASS"",""SHO-OVR-M5"":""PASS"",""SHO-OVR-M6"":""PASS""}","{""SHO-OVR-M1"":2.25,""SHO-OVR-M2"":3.75,""SHO-OVR-M3"":5.25,""SHO-OVR-M4"":5.25,""SHO-OVR-M5"":3.75,""SHO-OVR-M6"":2.25}","{""SHO-OVR-M1"":0.0,""SHO-OVR-M2"":0.0,""SHO-OVR-M3"":0.0,""SHO-OVR-M4"":0.0,""SHO-OVR-M5"":0.0,""SHO-OVR-M6"":0.0}",PASS,PASS,[],PASS
S2-SHO-OVR::T-Q3-P4::SHO-OVR-M1+SHO-OVR-M2+SHO-OVR-M3+SHO-OVR-M4+SHO-OVR-M5::UAV-3-UAV-4-UAV-5,5EE82BBBCA19F6BF5D6008347398E007875E1F4E58B626B4FCDADEE53C1BD4CC,3,"[""SHO-OVR-M1"",""SHO-OVR-M2"",""SHO-OVR-M3"",""SHO-OVR-M4"",""SHO-OVR-M5""]",5,"{""SHO-OVR-M1"":""PASS"",""SHO-OVR-M2"":""PASS"",""SHO-OVR-M3"":""PASS"",""SHO-OVR-M4"":""PASS"",""SHO-OVR-M5"":""PASS""}","{""SHO-OVR-M1"":""PASS"",""SHO-OVR-M2"":""PASS"",""SHO-OVR-M3"":""PASS"",""SHO-OVR-M4"":""PASS"",""SHO-OVR-M5"":""PASS""}","{""SHO-OVR-M1"":0.0,""SHO-OVR-M2"":1.5,""SHO-OVR-M3"":3.0,""SHO-OVR-M4"":1.5,""SHO-OVR-M5"":0.0}","{""SHO-OVR-M1"":0.0,""SHO-OVR-M2"":0.0,""SHO-OVR-M3"":0.0,""SHO-OVR-M4"":0.0,""SHO-OVR-M5"":0.0}",PASS,PASS,[],PASS
S2-SHO-OVR::T-Q3-P4::SHO-OVR-M2+SHO-OVR-M3+SHO-OVR-M4+SHO-OVR-M5+SHO-OVR-M6::UAV-3-UAV-4-UAV-5,EEEA2BC3BF5F30C63B8C1FEA6D5501EAA5E0500EAF22D16CDB0598488E794481,3,"[""SHO-OVR-M2"",""SHO-OVR-M3"",""SHO-OVR-M4"",""SHO-OVR-M5"",""SHO-OVR-M6""]",5,"{""SHO-OVR-M2"":""PASS"",""SHO-OVR-M3"":""PASS"",""SHO-OVR-M4"":""PASS"",""SHO-OVR-M5"":""PASS"",""SHO-OVR-M6"":""PASS""}","{""SHO-OVR-M2"":""PASS"",""SHO-OVR-M3"":""PASS"",""SHO-OVR-M4"":""PASS"",""SHO-OVR-M5"":""PASS"",""SHO-OVR-M6"":""PASS""}","{""SHO-OVR-M2"":0.0,""SHO-OVR-M3"":1.5,""SHO-OVR-M4"":3.0,""SHO-OVR-M5"":1.5,""SHO-OVR-M6"":0.0}","{""SHO-OVR-M2"":0.0,""SHO-OVR-M3"":0.0,""SHO-OVR-M4"":0.0,""SHO-OVR-M5"":0.0,""SHO-OVR-M6"":0.0}",PASS,PASS,[],PASS
S2-SHO-SUR::T-Q2-TWO::SHO-SUR-M2+SHO-SUR-M5+SHO-SUR-M6::UAV-2,1245DFAEDCC3EBEA988197C17F25CF1D81FBB91518421B8F1DBA9BCDAD4BB9D3,2,"[""SHO-SUR-M2"",""SHO-SUR-M5"",""SHO-SUR-M6""]",3,"{""SHO-SUR-M2"":""PASS"",""SHO-SUR-M5"":""PASS"",""SHO-SUR-M6"":""PASS""}","{""SHO-SUR-M2"":""PASS"",""SHO-SUR-M5"":""PASS"",""SHO-SUR-M6"":""PASS""}","{""SHO-SUR-M2"":0.0,""SHO-SUR-M5"":0.0,""SHO-SUR-M6"":3.0}","{""SHO-SUR-M2"":0.0,""SHO-SUR-M5"":0.0,""SHO-SUR-M6"":0.0}",PASS,PASS,"[""S2-SHO-SUR::Q4-B""]",PASS
S2-SHO-SUR::T-Q2-TWO::SHO-SUR-M4+SHO-SUR-M5+SHO-SUR-M6::UAV-2,5D24624750B2C93D2E8D673912C46484DC90B63164EC4E4EA7F474F555729990,2,"[""SHO-SUR-M4"",""SHO-SUR-M5"",""SHO-SUR-M6""]",3,"{""SHO-SUR-M4"":""PASS"",""SHO-SUR-M5"":""PASS"",""SHO-SUR-M6"":""PASS""}","{""SHO-SUR-M4"":""PASS"",""SHO-SUR-M5"":""PASS"",""SHO-SUR-M6"":""PASS""}","{""SHO-SUR-M4"":3.0,""SHO-SUR-M5"":6.0,""SHO-SUR-M6"":3.0}","{""SHO-SUR-M4"":0.0,""SHO-SUR-M5"":0.0,""SHO-SUR-M6"":0.0}",PASS,PASS,"[""S2-SHO-SUR::Q4-A""]",PASS
S2-SHO-SUR::T-Q3-P1::SHO-SUR-M4+SHO-SUR-M5::UAV-1-UAV-2-UAV-3,EB9C77CFDF35057DB0610E30D2E7432ED289B93BCCADA6055FECC42282D8E1B6,3,"[""SHO-SUR-M4"",""SHO-SUR-M5""]",2,"{""SHO-SUR-M4"":""PASS"",""SHO-SUR-M5"":""PASS""}","{""SHO-SUR-M4"":""PASS"",""SHO-SUR-M5"":""PASS""}","{""SHO-SUR-M4"":0.5,""SHO-SUR-M5"":0.5}","{""SHO-SUR-M4"":0.0,""SHO-SUR-M5"":0.0}",PASS,PASS,[],PASS
S2-SHO-SUR::T-Q3-P1::SHO-SUR-M5+SHO-SUR-M6::UAV-1-UAV-2-UAV-3,6AFAF87348F401923A8BB3908056C8CED96A27647566E1DC116549173726EBB1,3,"[""SHO-SUR-M5"",""SHO-SUR-M6""]",2,"{""SHO-SUR-M5"":""PASS"",""SHO-SUR-M6"":""PASS""}","{""SHO-SUR-M5"":""PASS"",""SHO-SUR-M6"":""PASS""}","{""SHO-SUR-M5"":0.5,""SHO-SUR-M6"":0.5}","{""SHO-SUR-M5"":0.0,""SHO-SUR-M6"":0.0}",PASS,PASS,[],PASS
S2-SHO-SUR::T-Q3-P2::SHO-SUR-M2+SHO-SUR-M5+SHO-SUR-M6::UAV-2-UAV-3-UAV-4,17A98466939048BEE3E8B9D749969FAA1B503319C3A383B497D3708F3E305B8D,3,"[""SHO-SUR-M2"",""SHO-SUR-M5"",""SHO-SUR-M6""]",3,"{""SHO-SUR-M2"":""PASS"",""SHO-SUR-M5"":""PASS"",""SHO-SUR-M6"":""PASS""}","{""SHO-SUR-M2"":""PASS"",""SHO-SUR-M5"":""PASS"",""SHO-SUR-M6"":""PASS""}","{""SHO-SUR-M2"":0.0,""SHO-SUR-M5"":0.0,""SHO-SUR-M6"":3.0}","{""SHO-SUR-M2"":0.0,""SHO-SUR-M5"":0.0,""SHO-SUR-M6"":0.0}",PASS,PASS,[],PASS
S2-SHO-SUR::T-Q3-P2::SHO-SUR-M4+SHO-SUR-M5+SHO-SUR-M6::UAV-2-UAV-3-UAV-4,B1AD4B5075776DABCB300F92D8DF847CA4A6290C6AD344B29711FC6D0FDC12D3,3,"[""SHO-SUR-M4"",""SHO-SUR-M5"",""SHO-SUR-M6""]",3,"{""SHO-SUR-M4"":""PASS"",""SHO-SUR-M5"":""PASS"",""SHO-SUR-M6"":""PASS""}","{""SHO-SUR-M4"":""PASS"",""SHO-SUR-M5"":""PASS"",""SHO-SUR-M6"":""PASS""}","{""SHO-SUR-M4"":3.0,""SHO-SUR-M5"":6.0,""SHO-SUR-M6"":3.0}","{""SHO-SUR-M4"":0.0,""SHO-SUR-M5"":0.0,""SHO-SUR-M6"":0.0}",PASS,PASS,[],PASS
S2-SHO-SUR::T-Q3-P4::SHO-SUR-M4+SHO-SUR-M5+SHO-SUR-M6::UAV-3-UAV-4-UAV-5,E4516958DAF27A2FABFA6A61B00388D84AACDC5C0D0E668A1D2219267B3C754C,3,"[""SHO-SUR-M4"",""SHO-SUR-M5"",""SHO-SUR-M6""]",3,"{""SHO-SUR-M4"":""PASS"",""SHO-SUR-M5"":""PASS"",""SHO-SUR-M6"":""PASS""}","{""SHO-SUR-M4"":""PASS"",""SHO-SUR-M5"":""PASS"",""SHO-SUR-M6"":""PASS""}","{""SHO-SUR-M4"":0.0,""SHO-SUR-M5"":3.0,""SHO-SUR-M6"":0.0}","{""SHO-SUR-M4"":0.0,""SHO-SUR-M5"":0.0,""SHO-SUR-M6"":0.0}",PASS,PASS,[],PASS
S2-SUF-OVR::T-Q2-THREE::SUF-OVR-M1+SUF-OVR-M2+SUF-OVR-M3+SUF-OVR-M4::UAV-1,66A7C362C206F3A0DB9E514D136950CD1041FC2E596D0B0E715BAEB08E308593,3,"[""SUF-OVR-M1"",""SUF-OVR-M2"",""SUF-OVR-M3"",""SUF-OVR-M4""]",4,"{""SUF-OVR-M1"":""PASS"",""SUF-OVR-M2"":""PASS"",""SUF-OVR-M3"":""PASS"",""SUF-OVR-M4"":""PASS""}","{""SUF-OVR-M1"":""PASS"",""SUF-OVR-M2"":""PASS"",""SUF-OVR-M3"":""PASS"",""SUF-OVR-M4"":""PASS""}","{""SUF-OVR-M1"":8.75,""SUF-OVR-M2"":10.25,""SUF-OVR-M3"":10.25,""SUF-OVR-M4"":8.75}","{""SUF-OVR-M1"":0.0,""SUF-OVR-M2"":0.0,""SUF-OVR-M3"":0.0,""SUF-OVR-M4"":0.0}",PASS,PASS,[],PASS
S2-SUF-OVR::T-Q2-THREE::SUF-OVR-M1+SUF-OVR-M2+SUF-OVR-M3+SUF-OVR-M4::UAV-3,874BBA25C2A524D33C04798A54C91D2FC8707D5A3B08BCF9E29C3E581A08D992,3,"[""SUF-OVR-M1"",""SUF-OVR-M2"",""SUF-OVR-M3"",""SUF-OVR-M4""]",4,"{""SUF-OVR-M1"":""PASS"",""SUF-OVR-M2"":""PASS"",""SUF-OVR-M3"":""PASS"",""SUF-OVR-M4"":""PASS""}","{""SUF-OVR-M1"":""PASS"",""SUF-OVR-M2"":""PASS"",""SUF-OVR-M3"":""PASS"",""SUF-OVR-M4"":""PASS""}","{""SUF-OVR-M1"":8.75,""SUF-OVR-M2"":10.25,""SUF-OVR-M3"":10.25,""SUF-OVR-M4"":8.75}","{""SUF-OVR-M1"":0.0,""SUF-OVR-M2"":0.0,""SUF-OVR-M3"":0.0,""SUF-OVR-M4"":0.0}",PASS,PASS,[],PASS
S2-SUF-OVR::T-Q2-TWO::SUF-OVR-M1+SUF-OVR-M2+SUF-OVR-M3+SUF-OVR-M4::UAV-2,5719F9EDD162F53B20B74D895558ED959BFD749D5F678FA7733B3DD05D9957EC,2,"[""SUF-OVR-M1"",""SUF-OVR-M2"",""SUF-OVR-M3"",""SUF-OVR-M4""]",4,"{""SUF-OVR-M1"":""PASS"",""SUF-OVR-M2"":""PASS"",""SUF-OVR-M3"":""PASS"",""SUF-OVR-M4"":""PASS""}","{""SUF-OVR-M1"":""PASS"",""SUF-OVR-M2"":""PASS"",""SUF-OVR-M3"":""PASS"",""SUF-OVR-M4"":""PASS""}","{""SUF-OVR-M1"":3.75,""SUF-OVR-M2"":5.25,""SUF-OVR-M3"":5.25,""SUF-OVR-M4"":3.75}","{""SUF-OVR-M1"":0.0,""SUF-OVR-M2"":0.0,""SUF-OVR-M3"":0.0,""SUF-OVR-M4"":0.0}",PASS,PASS,"[""S2-SUF-OVR::P2_L_RECONSTRUCTED"",""S2-SUF-OVR::Q4-A""]",PASS
S2-SUF-OVR::T-Q2-TWO::SUF-OVR-M1+SUF-OVR-M2+SUF-OVR-M3+SUF-OVR-M4::UAV-5,025EAC3C02ADBC4DFF265F6411AF4E2841F519D8D1178D2B5A769B20A9F829D1,2,"[""SUF-OVR-M1"",""SUF-OVR-M2"",""SUF-OVR-M3"",""SUF-OVR-M4""]",4,"{""SUF-OVR-M1"":""PASS"",""SUF-OVR-M2"":""PASS"",""SUF-OVR-M3"":""PASS"",""SUF-OVR-M4"":""PASS""}","{""SUF-OVR-M1"":""PASS"",""SUF-OVR-M2"":""PASS"",""SUF-OVR-M3"":""PASS"",""SUF-OVR-M4"":""PASS""}","{""SUF-OVR-M1"":3.75,""SUF-OVR-M2"":5.25,""SUF-OVR-M3"":5.25,""SUF-OVR-M4"":3.75}","{""SUF-OVR-M1"":0.0,""SUF-OVR-M2"":0.0,""SUF-OVR-M3"":0.0,""SUF-OVR-M4"":0.0}",PASS,PASS,"[""S2-SUF-OVR::P2_T_RECONSTRUCTED""]",PASS
S2-SUF-OVR::T-Q3-P1::SUF-OVR-M1+SUF-OVR-M2+SUF-OVR-M3::UAV-1-UAV-2-UAV-3,617CC94CAA8D14B8CD8854EB321185191319F5EF327FB71D2815B6C5DC5A4EBC,3,"[""SUF-OVR-M1"",""SUF-OVR-M2"",""SUF-OVR-M3""]",3,"{""SUF-OVR-M1"":""PASS"",""SUF-OVR-M2"":""PASS"",""SUF-OVR-M3"":""PASS""}","{""SUF-OVR-M1"":""PASS"",""SUF-OVR-M2"":""PASS"",""SUF-OVR-M3"":""PASS""}","{""SUF-OVR-M1"":0.5,""SUF-OVR-M2"":2.0,""SUF-OVR-M3"":0.5}","{""SUF-OVR-M1"":0.0,""SUF-OVR-M2"":0.0,""SUF-OVR-M3"":0.0}",PASS,PASS,[],PASS
S2-SUF-OVR::T-Q3-P1::SUF-OVR-M2+SUF-OVR-M3+SUF-OVR-M4::UAV-1-UAV-2-UAV-3,F4A87998E7A12A1DCA2FD2608AAB5C81CC9DA3E2C1C12E96AC19D8DF384D98B7,3,"[""SUF-OVR-M2"",""SUF-OVR-M3"",""SUF-OVR-M4""]",3,"{""SUF-OVR-M2"":""PASS"",""SUF-OVR-M3"":""PASS"",""SUF-OVR-M4"":""PASS""}","{""SUF-OVR-M2"":""PASS"",""SUF-OVR-M3"":""PASS"",""SUF-OVR-M4"":""PASS""}","{""SUF-OVR-M2"":0.5,""SUF-OVR-M3"":2.0,""SUF-OVR-M4"":0.5}","{""SUF-OVR-M2"":0.0,""SUF-OVR-M3"":0.0,""SUF-OVR-M4"":0.0}",PASS,PASS,[],PASS
S2-SUF-OVR::T-Q3-P2::SUF-OVR-M1+SUF-OVR-M2+SUF-OVR-M3+SUF-OVR-M4::UAV-2-UAV-3-UAV-4,91E5668BA2CDBA087D1ED0DFC5EA5ACD9D2831844696B4F6F9BE6F6A2E9207A8,3,"[""SUF-OVR-M1"",""SUF-OVR-M2"",""SUF-OVR-M3"",""SUF-OVR-M4""]",4,"{""SUF-OVR-M1"":""PASS"",""SUF-OVR-M2"":""PASS"",""SUF-OVR-M3"":""PASS"",""SUF-OVR-M4"":""PASS""}","{""SUF-OVR-M1"":""PASS"",""SUF-OVR-M2"":""PASS"",""SUF-OVR-M3"":""PASS"",""SUF-OVR-M4"":""PASS""}","{""SUF-OVR-M1"":3.75,""SUF-OVR-M2"":5.25,""SUF-OVR-M3"":5.25,""SUF-OVR-M4"":3.75}","{""SUF-OVR-M1"":0.0,""SUF-OVR-M2"":0.0,""SUF-OVR-M3"":0.0,""SUF-OVR-M4"":0.0}",PASS,PASS,[],PASS
S2-SUF-OVR::T-Q3-P4::SUF-OVR-M1+SUF-OVR-M2+SUF-OVR-M3+SUF-OVR-M4::UAV-3-UAV-4-UAV-5,83CECF7107D164512F08967EDEC07D77ACB982185E87A35A443CCECD90754654,3,"[""SUF-OVR-M1"",""SUF-OVR-M2"",""SUF-OVR-M3"",""SUF-OVR-M4""]",4,"{""SUF-OVR-M1"":""PASS"",""SUF-OVR-M2"":""PASS"",""SUF-OVR-M3"":""PASS"",""SUF-OVR-M4"":""PASS""}","{""SUF-OVR-M1"":""PASS"",""SUF-OVR-M2"":""PASS"",""SUF-OVR-M3"":""PASS"",""SUF-OVR-M4"":""PASS""}","{""SUF-OVR-M1"":0.75,""SUF-OVR-M2"":2.25,""SUF-OVR-M3"":2.25,""SUF-OVR-M4"":0.75}","{""SUF-OVR-M1"":0.0,""SUF-OVR-M2"":0.0,""SUF-OVR-M3"":0.0,""SUF-OVR-M4"":0.0}",PASS,PASS,[],PASS
S2-SUF-SEQ::T-Q2-THREE::SUF-SEQ-M1+SUF-SEQ-M2::UAV-1,CB64A9BF39D90496B8842294CE2E8776A971B7F808CF5C74EC148691AD0D1D44,3,"[""SUF-SEQ-M1"",""SUF-SEQ-M2""]",2,"{""SUF-SEQ-M1"":""PASS"",""SUF-SEQ-M2"":""PASS""}","{""SUF-SEQ-M1"":""PASS"",""SUF-SEQ-M2"":""PASS""}","{""SUF-SEQ-M1"":0.0,""SUF-SEQ-M2"":0.0}","{""SUF-SEQ-M1"":0.0,""SUF-SEQ-M2"":0.0}",PASS,PASS,[],PASS
S2-SUF-SEQ::T-Q2-THREE::SUF-SEQ-M1+SUF-SEQ-M2::UAV-3,979837BB633392BC3433FBCDB7BC8E38B36586C4A6774994F69B2DCA5C5F8C61,3,"[""SUF-SEQ-M1"",""SUF-SEQ-M2""]",2,"{""SUF-SEQ-M1"":""PASS"",""SUF-SEQ-M2"":""PASS""}","{""SUF-SEQ-M1"":""PASS"",""SUF-SEQ-M2"":""PASS""}","{""SUF-SEQ-M1"":0.0,""SUF-SEQ-M2"":0.0}","{""SUF-SEQ-M1"":0.0,""SUF-SEQ-M2"":0.0}",PASS,PASS,[],PASS
S2-SUF-SEQ::T-Q2-THREE::SUF-SEQ-M2+SUF-SEQ-M3::UAV-1,2D80E82C894068D77F0BC6EFC87B99E2CCFDF7667EEA3B7F105F99D111108F13,3,"[""SUF-SEQ-M2"",""SUF-SEQ-M3""]",2,"{""SUF-SEQ-M2"":""PASS"",""SUF-SEQ-M3"":""PASS""}","{""SUF-SEQ-M2"":""PASS"",""SUF-SEQ-M3"":""PASS""}","{""SUF-SEQ-M2"":0.0,""SUF-SEQ-M3"":0.0}","{""SUF-SEQ-M2"":0.0,""SUF-SEQ-M3"":0.0}",PASS,PASS,[],PASS
S2-SUF-SEQ::T-Q2-THREE::SUF-SEQ-M2+SUF-SEQ-M3::UAV-3,83C42C91C0A79F7A8F7C4E0A4E99E97F49BDD066093BBC9C0113312145984AC8,3,"[""SUF-SEQ-M2"",""SUF-SEQ-M3""]",2,"{""SUF-SEQ-M2"":""PASS"",""SUF-SEQ-M3"":""PASS""}","{""SUF-SEQ-M2"":""PASS"",""SUF-SEQ-M3"":""PASS""}","{""SUF-SEQ-M2"":0.0,""SUF-SEQ-M3"":0.0}","{""SUF-SEQ-M2"":0.0,""SUF-SEQ-M3"":0.0}",PASS,PASS,[],PASS
S2-SUF-SEQ::T-Q2-THREE::SUF-SEQ-M3+SUF-SEQ-M4::UAV-1,17775E86CE17193E47FA3FCCC5C853AFFCCEA433DC2DC8AD5F46649C2A81B54D,3,"[""SUF-SEQ-M3"",""SUF-SEQ-M4""]",2,"{""SUF-SEQ-M3"":""PASS"",""SUF-SEQ-M4"":""PASS""}","{""SUF-SEQ-M3"":""PASS"",""SUF-SEQ-M4"":""PASS""}","{""SUF-SEQ-M3"":0.0,""SUF-SEQ-M4"":0.0}","{""SUF-SEQ-M3"":0.0,""SUF-SEQ-M4"":0.0}",PASS,PASS,[],PASS
S2-SUF-SEQ::T-Q2-THREE::SUF-SEQ-M3+SUF-SEQ-M4::UAV-3,0FE06FA8BEE6A60FCDA6AC87A87C67BD05D4C2AD6E40E98AA342B198EA0DAC53,3,"[""SUF-SEQ-M3"",""SUF-SEQ-M4""]",2,"{""SUF-SEQ-M3"":""PASS"",""SUF-SEQ-M4"":""PASS""}","{""SUF-SEQ-M3"":""PASS"",""SUF-SEQ-M4"":""PASS""}","{""SUF-SEQ-M3"":0.0,""SUF-SEQ-M4"":0.0}","{""SUF-SEQ-M3"":0.0,""SUF-SEQ-M4"":0.0}",PASS,PASS,"[""S2-SUF-SEQ::Q4-A""]",PASS
S2-SUF-SUR::T-Q2-THREE::SUF-SUR-M2+SUF-SUR-M4::UAV-3,A681122F3AEBFD07582F61C42F85E8C983C12A9640B3FCE671699E06B4A7A3D9,3,"[""SUF-SUR-M2"",""SUF-SUR-M4""]",2,"{""SUF-SUR-M2"":""PASS"",""SUF-SUR-M4"":""PASS""}","{""SUF-SUR-M2"":""PASS"",""SUF-SUR-M4"":""PASS""}","{""SUF-SUR-M2"":3.5,""SUF-SUR-M4"":3.5}","{""SUF-SUR-M2"":0.0,""SUF-SUR-M4"":0.0}",PASS,PASS,"[""S2-SUF-SUR::Q4-A""]",PASS
