scenario_id,arc_id,uav_id,predecessor_node,successor_node,departure_time_s,arrival_deadline_s,transition_distance_m,available_transition_time_s,transition_turn_proxy_rad,maximum_radius_along_transition_m,operating_radius_status
S2-CRI-OVR,UAV-1::N::UAV-1::S2-CRI-OVR::T-Q1-SINGLE::CRI-OVR-M1::UAV-1->T::UAV-1,UAV-1,N::UAV-1::S2-CRI-OVR::T-Q1-SINGLE::CRI-OVR-M1::UAV-1,T::UAV-1,53,53,0,0,0,2400,PASS
S2-CRI-OVR,UAV-1::S::UAV-1->N::UAV-1::S2-CRI-OVR::T-Q1-SINGLE::CRI-OVR-M1::UAV-1,UAV-1,S::UAV-1,N::UAV-1::S2-CRI-OVR::T-Q1-SINGLE::CRI-OVR-M1::UAV-1,0,42,680,42,0,2080,PASS
S2-CRI-OVR,UAV-2::N::UAV-2::S2-CRI-OVR::T-Q2-TWO::CRI-OVR-M1+CRI-OVR-M2+CRI-OVR-M3+CRI-OVR-M4+CRI-OVR-M5::UAV-2->T::UAV-2,UAV-2,N::UAV-2::S2-CRI-OVR::T-Q2-TWO::CRI-OVR-M1+CRI-OVR-M2+CRI-OVR-M3+CRI-OVR-M4+CRI-OVR-M5::UAV-2,T::UAV-2,50,50,0,0,0,2469.817807046,PASS
S2-CRI-OVR,UAV-2::S::UAV-2->N::UAV-2::S2-CRI-OVR::T-Q2-TWO::CRI-OVR-M1+CRI-OVR-M2+CRI-OVR-M3+CRI-OVR-M4+CRI-OVR-M5::UAV-2,UAV-2,S::UAV-2,N::UAV-2::S2-CRI-OVR::T-Q2-TWO::CRI-OVR-M1+CRI-OVR-M2+CRI-OVR-M3+CRI-OVR-M4+CRI-OVR-M5::UAV-2,0,36,588.727441181,36,2.412123025,1888.279640308,PASS
S2-CRI-OVR,UAV-4::N::UAV-4::S2-CRI-OVR::T-Q1-SINGLE::CRI-OVR-M2::UAV-4->T::UAV-4,UAV-4,N::UAV-4::S2-CRI-OVR::T-Q1-SINGLE::CRI-OVR-M2::UAV-4,T::UAV-4,54.5,54.5,0,0,0,2647.640458975,PASS
S2-CRI-OVR,UAV-4::S::UAV-4->N::UAV-4::S2-CRI-OVR::T-Q1-SINGLE::CRI-OVR-M2::UAV-4,UAV-4,S::UAV-4,N::UAV-4::S2-CRI-OVR::T-Q1-SINGLE::CRI-OVR-M2::UAV-4,0,43.5,947.048045244,43.5,0.757091191,2334.180798482,PASS
S2-CRI-SEQ,UAV-1::N::UAV-1::S2-CRI-SEQ::T-Q1-SINGLE::CRI-SEQ-M1::UAV-1->T::UAV-1,UAV-1,N::UAV-1::S2-CRI-SEQ::T-Q1-SINGLE::CRI-SEQ-M1::UAV-1,T::UAV-1,45,45,0,0,0,2400,PASS
S2-CRI-SEQ,UAV-1::N::UAV-1::S2-CRI-SEQ::T-Q2-THREE::CRI-SEQ-M1+CRI-SEQ-M2::UAV-1->T::UAV-1,UAV-1,N::UAV-1::S2-CRI-SEQ::T-Q2-THREE::CRI-SEQ-M1+CRI-SEQ-M2::UAV-1,T::UAV-1,45,45,0,0,0,2400,PASS
S2-CRI-SEQ,UAV-1::S::UAV-1->N::UAV-1::S2-CRI-SEQ::T-Q1-SINGLE::CRI-SEQ-M1::UAV-1,UAV-1,S::UAV-1,N::UAV-1::S2-CRI-SEQ::T-Q1-SINGLE::CRI-SEQ-M1::UAV-1,0,34,680,34,0,2080,PASS
S2-CRI-SEQ,UAV-1::S::UAV-1->N::UAV-1::S2-CRI-SEQ::T-Q2-THREE::CRI-SEQ-M1+CRI-SEQ-M2::UAV-1,UAV-1,S::UAV-1,N::UAV-1::S2-CRI-SEQ::T-Q2-THREE::CRI-SEQ-M1+CRI-SEQ-M2::UAV-1,0,27,80,27,0,1480,PASS
S2-CRI-SEQ,UAV-2::N::UAV-2::S2-CRI-SEQ::T-Q2-TWO::CRI-SEQ-M3::UAV-2->T::UAV-2,UAV-2,N::UAV-2::S2-CRI-SEQ::T-Q2-TWO::CRI-SEQ-M3::UAV-2,T::UAV-2,83,83,0,0,0,2469.817807046,PASS
S2-CRI-SEQ,UAV-2::S::UAV-2->N::UAV-2::S2-CRI-SEQ::T-Q2-TWO::CRI-SEQ-M3::UAV-2,UAV-2,S::UAV-2,N::UAV-2::S2-CRI-SEQ::T-Q2-TWO::CRI-SEQ-M3::UAV-2,0,69,588.727441181,69,2.412123025,1888.279640308,PASS
S2-CRI-SEQ,UAV-3::N::UAV-3::S2-CRI-SEQ::T-Q2-THREE::CRI-SEQ-M3+CRI-SEQ-M4::UAV-3->T::UAV-3,UAV-3,N::UAV-3::S2-CRI-SEQ::T-Q2-THREE::CRI-SEQ-M3+CRI-SEQ-M4::UAV-3,T::UAV-3,89,89,0,0,0,2469.817807046,PASS
S2-CRI-SEQ,UAV-3::N::UAV-3::S2-CRI-SEQ::T-Q2-THREE::CRI-SEQ-M4+CRI-SEQ-M5::UAV-3->T::UAV-3,UAV-3,N::UAV-3::S2-CRI-SEQ::T-Q2-THREE::CRI-SEQ-M4+CRI-SEQ-M5::UAV-3,T::UAV-3,111,111,0,0,0,2469.817807046,PASS
S2-CRI-SEQ,UAV-3::S::UAV-3->N::UAV-3::S2-CRI-SEQ::T-Q2-THREE::CRI-SEQ-M3+CRI-SEQ-M4::UAV-3,UAV-3,S::UAV-3,N::UAV-3::S2-CRI-SEQ::T-Q2-THREE::CRI-SEQ-M3+CRI-SEQ-M4::UAV-3,0,71,554.436651025,71,3.394776908,1647.54362613,PASS
S2-CRI-SEQ,UAV-3::S::UAV-3->N::UAV-3::S2-CRI-SEQ::T-Q2-THREE::CRI-SEQ-M4+CRI-SEQ-M5::UAV-3,UAV-3,S::UAV-3,N::UAV-3::S2-CRI-SEQ::T-Q2-THREE::CRI-SEQ-M4+CRI-SEQ-M5::UAV-3,0,93,554.436651025,93,3.394776908,1647.54362613,PASS
S2-CRI-SEQ,UAV-4::N::UAV-4::S2-CRI-SEQ::T-Q1-SINGLE::CRI-SEQ-M2::UAV-4->T::UAV-4,UAV-4,N::UAV-4::S2-CRI-SEQ::T-Q1-SINGLE::CRI-SEQ-M2::UAV-4,T::UAV-4,67,67,0,0,0,2647.640458975,PASS
S2-CRI-SEQ,UAV-4::N::UAV-4::S2-CRI-SEQ::T-Q1-SINGLE::CRI-SEQ-M5::UAV-4->T::UAV-4,UAV-4,N::UAV-4::S2-CRI-SEQ::T-Q1-SINGLE::CRI-SEQ-M5::UAV-4,T::UAV-4,133,133,0,0,0,2647.640458975,PASS
S2-CRI-SEQ,UAV-4::S::UAV-4->N::UAV-4::S2-CRI-SEQ::T-Q1-SINGLE::CRI-SEQ-M2::UAV-4,UAV-4,S::UAV-4,N::UAV-4::S2-CRI-SEQ::T-Q1-SINGLE::CRI-SEQ-M2::UAV-4,0,56,947.048045244,56,0.757091191,2334.180798482,PASS
S2-CRI-SEQ,UAV-4::S::UAV-4->N::UAV-4::S2-CRI-SEQ::T-Q1-SINGLE::CRI-SEQ-M5::UAV-4,UAV-4,S::UAV-4,N::UAV-4::S2-CRI-SEQ::T-Q1-SINGLE::CRI-SEQ-M5::UAV-4,0,122,947.048045244,122,0.757091191,2334.180798482,PASS
S2-CRI-SEQ,UAV-5::N::UAV-5::S2-CRI-SEQ::T-Q2-TWO::CRI-SEQ-M4::UAV-5->T::UAV-5,UAV-5,N::UAV-5::S2-CRI-SEQ::T-Q2-TWO::CRI-SEQ-M4::UAV-5,T::UAV-5,105,105,0,0,0,2647.640458975,PASS
S2-CRI-SEQ,UAV-5::S::UAV-5->N::UAV-5::S2-CRI-SEQ::T-Q2-TWO::CRI-SEQ-M4::UAV-5,UAV-5,S::UAV-5,N::UAV-5::S2-CRI-SEQ::T-Q2-TWO::CRI-SEQ-M4::UAV-5,0,91,660.378679244,91,1.117198631,2022.770377477,PASS
S2-CRI-SUR,UAV-2::N::UAV-2::S2-CRI-SUR::T-Q2-TWO::CRI-SUR-M2+CRI-SUR-M5::UAV-2->T::UAV-2,UAV-2,N::UAV-2::S2-CRI-SUR::T-Q2-TWO::CRI-SUR-M2+CRI-SUR-M5::UAV-2,T::UAV-2,55,55,0,0,0,2469.817807046,PASS
S2-CRI-SUR,UAV-2::S::UAV-2->N::UAV-2::S2-CRI-SUR::T-Q2-TWO::CRI-SUR-M2+CRI-SUR-M5::UAV-2,UAV-2,S::UAV-2,N::UAV-2::S2-CRI-SUR::T-Q2-TWO::CRI-SUR-M2+CRI-SUR-M5::UAV-2,0,41,588.727441181,41,2.412123025,1888.279640308,PASS
S2-CRI-SUR,UAV-3::N::UAV-3::S2-CRI-SUR::T-Q2-THREE::CRI-SUR-M2+CRI-SUR-M4+CRI-SUR-M5::UAV-3->T::UAV-3,UAV-3,N::UAV-3::S2-CRI-SUR::T-Q2-THREE::CRI-SUR-M2+CRI-SUR-M4+CRI-SUR-M5::UAV-3,T::UAV-3,48.5,48.5,0,0,0,2469.817807046,PASS
S2-CRI-SUR,UAV-3::S::UAV-3->N::UAV-3::S2-CRI-SUR::T-Q2-THREE::CRI-SUR-M2+CRI-SUR-M4+CRI-SUR-M5::UAV-3,UAV-3,S::UAV-3,N::UAV-3::S2-CRI-SUR::T-Q2-THREE::CRI-SUR-M2+CRI-SUR-M4+CRI-SUR-M5::UAV-3,0,30.5,554.436651025,30.5,3.394776908,1647.54362613,PASS
S2-CRI-SUR,UAV-4::N::UAV-4::S2-CRI-SUR::T-Q1-SINGLE::CRI-SUR-M3::UAV-4->T::UAV-4,UAV-4,N::UAV-4::S2-CRI-SUR::T-Q1-SINGLE::CRI-SUR-M3::UAV-4,T::UAV-4,91,91,0,0,0,2647.640458975,PASS
S2-CRI-SUR,UAV-4::N::UAV-4::S2-CRI-SUR::T-Q1-SINGLE::CRI-SUR-M4::UAV-4->T::UAV-4,UAV-4,N::UAV-4::S2-CRI-SUR::T-Q1-SINGLE::CRI-SUR-M4::UAV-4,T::UAV-4,52,52,0,0,0,2647.640458975,PASS
S2-CRI-SUR,UAV-4::S::UAV-4->N::UAV-4::S2-CRI-SUR::T-Q1-SINGLE::CRI-SUR-M3::UAV-4,UAV-4,S::UAV-4,N::UAV-4::S2-CRI-SUR::T-Q1-SINGLE::CRI-SUR-M3::UAV-4,0,80,947.048045244,80,0.757091191,2334.180798482,PASS
S2-CRI-SUR,UAV-4::S::UAV-4->N::UAV-4::S2-CRI-SUR::T-Q1-SINGLE::CRI-SUR-M4::UAV-4,UAV-4,S::UAV-4,N::UAV-4::S2-CRI-SUR::T-Q1-SINGLE::CRI-SUR-M4::UAV-4,0,41,947.048045244,41,0.757091191,2334.180798482,PASS
S2-CRI-SUR,UAV-5::N::UAV-5::S2-CRI-SUR::T-Q2-TWO::CRI-SUR-M3::UAV-5->T::UAV-5,UAV-5,N::UAV-5::S2-CRI-SUR::T-Q2-TWO::CRI-SUR-M3::UAV-5,T::UAV-5,85,85,0,0,0,2647.640458975,PASS
S2-CRI-SUR,UAV-5::S::UAV-5->N::UAV-5::S2-CRI-SUR::T-Q2-TWO::CRI-SUR-M3::UAV-5,UAV-5,S::UAV-5,N::UAV-5::S2-CRI-SUR::T-Q2-TWO::CRI-SUR-M3::UAV-5,0,71,660.378679244,71,1.117198631,2022.770377477,PASS
S2-SHO-OVR,UAV-1::N::UAV-1::S2-SHO-OVR::T-Q1-SINGLE::SHO-OVR-M1::UAV-1->T::UAV-1,UAV-1,N::UAV-1::S2-SHO-OVR::T-Q1-SINGLE::SHO-OVR-M1::UAV-1,T::UAV-1,53,53,0,0,0,2400,PASS
S2-SHO-OVR,UAV-1::S::UAV-1->N::UAV-1::S2-SHO-OVR::T-Q1-SINGLE::SHO-OVR-M1::UAV-1,UAV-1,S::UAV-1,N::UAV-1::S2-SHO-OVR::T-Q1-SINGLE::SHO-OVR-M1::UAV-1,0,42,680,42,0,2080,PASS
S2-SHO-OVR,UAV-2::N::UAV-2::S2-SHO-OVR::T-Q2-TWO::SHO-OVR-M1+SHO-OVR-M2+SHO-OVR-M3+SHO-OVR-M4+SHO-OVR-M5+SHO-OVR-M6::UAV-2->T::UAV-2,UAV-2,N::UAV-2::S2-SHO-OVR::T-Q2-TWO::SHO-OVR-M1+SHO-OVR-M2+SHO-OVR-M3+SHO-OVR-M4+SHO-OVR-M5+SHO-OVR-M6::UAV-2,T::UAV-2,50.75,50.75,0,0,0,2469.817807046,PASS
S2-SHO-OVR,UAV-2::S::UAV-2->N::UAV-2::S2-SHO-OVR::T-Q2-TWO::SHO-OVR-M1+SHO-OVR-M2+SHO-OVR-M3+SHO-OVR-M4+SHO-OVR-M5+SHO-OVR-M6::UAV-2,UAV-2,S::UAV-2,N::UAV-2::S2-SHO-OVR::T-Q2-TWO::SHO-OVR-M1+SHO-OVR-M2+SHO-OVR-M3+SHO-OVR-M4+SHO-OVR-M5+SHO-OVR-M6::UAV-2,0,36.75,588.727441181,36.75,2.412123025,1888.279640308,PASS
S2-SHO-OVR,UAV-4::N::UAV-4::S2-SHO-OVR::T-Q1-SINGLE::SHO-OVR-M4::UAV-4->T::UAV-4,UAV-4,N::UAV-4::S2-SHO-OVR::T-Q1-SINGLE::SHO-OVR-M4::UAV-4,T::UAV-4,57.5,57.5,0,0,0,2647.640458975,PASS
S2-SHO-OVR,UAV-4::S::UAV-4->N::UAV-4::S2-SHO-OVR::T-Q1-SINGLE::SHO-OVR-M4::UAV-4,UAV-4,S::UAV-4,N::UAV-4::S2-SHO-OVR::T-Q1-SINGLE::SHO-OVR-M4::UAV-4,0,46.5,947.048045244,46.5,0.757091191,2334.180798482,PASS
S2-SHO-SEQ,UAV-1::N::UAV-1::S2-SHO-SEQ::T-Q1-SINGLE::SHO-SEQ-M1::UAV-1->T::UAV-1,UAV-1,N::UAV-1::S2-SHO-SEQ::T-Q1-SINGLE::SHO-SEQ-M1::UAV-1,T::UAV-1,45,45,0,0,0,2400,PASS
S2-SHO-SEQ,UAV-1::N::UAV-1::S2-SHO-SEQ::T-Q1-SINGLE::SHO-SEQ-M2::UAV-1->N::UAV-1::S2-SHO-SEQ::T-Q1-SINGLE::SHO-SEQ-M4::UAV-1,UAV-1,N::UAV-1::S2-SHO-SEQ::T-Q1-SINGLE::SHO-SEQ-M2::UAV-1,N::UAV-1::S2-SHO-SEQ::T-Q1-SINGLE::SHO-SEQ-M4::UAV-1,67,100,320,33,6.283185307,2400,PASS
S2-SHO-SEQ,UAV-1::N::UAV-1::S2-SHO-SEQ::T-Q1-SINGLE::SHO-SEQ-M4::UAV-1->T::UAV-1,UAV-1,N::UAV-1::S2-SHO-SEQ::T-Q1-SINGLE::SHO-SEQ-M4::UAV-1,T::UAV-1,111,111,0,0,0,2400,PASS
S2-SHO-SEQ,UAV-1::S::UAV-1->N::UAV-1::S2-SHO-SEQ::T-Q1-SINGLE::SHO-SEQ-M1::UAV-1,UAV-1,S::UAV-1,N::UAV-1::S2-SHO-SEQ::T-Q1-SINGLE::SHO-SEQ-M1::UAV-1,0,34,680,34,0,2080,PASS
S2-SHO-SEQ,UAV-1::S::UAV-1->N::UAV-1::S2-SHO-SEQ::T-Q1-SINGLE::SHO-SEQ-M2::UAV-1,UAV-1,S::UAV-1,N::UAV-1::S2-SHO-SEQ::T-Q1-SINGLE::SHO-SEQ-M2::UAV-1,0,56,680,56,0,2080,PASS
S2-SHO-SEQ,UAV-2::N::UAV-2::S2-SHO-SEQ::T-Q2-TWO::SHO-SEQ-M1::UAV-2->T::UAV-2,UAV-2,N::UAV-2::S2-SHO-SEQ::T-Q2-TWO::SHO-SEQ-M1::UAV-2,T::UAV-2,39,39,0,0,0,2469.817807046,PASS
S2-SHO-SEQ,UAV-2::N::UAV-2::S2-SHO-SEQ::T-Q2-TWO::SHO-SEQ-M3::UAV-2->T::UAV-2,UAV-2,N::UAV-2::S2-SHO-SEQ::T-Q2-TWO::SHO-SEQ-M3::UAV-2,T::UAV-2,83,83,0,0,0,2469.817807046,PASS
S2-SHO-SEQ,UAV-2::S::UAV-2->N::UAV-2::S2-SHO-SEQ::T-Q2-TWO::SHO-SEQ-M1::UAV-2,UAV-2,S::UAV-2,N::UAV-2::S2-SHO-SEQ::T-Q2-TWO::SHO-SEQ-M1::UAV-2,0,25,588.727441181,25,2.412123025,1888.279640308,PASS
S2-SHO-SEQ,UAV-2::S::UAV-2->N::UAV-2::S2-SHO-SEQ::T-Q2-TWO::SHO-SEQ-M3::UAV-2,UAV-2,S::UAV-2,N::UAV-2::S2-SHO-SEQ::T-Q2-TWO::SHO-SEQ-M3::UAV-2,0,69,588.727441181,69,2.412123025,1888.279640308,PASS
S2-SHO-SEQ,UAV-4::N::UAV-4::S2-SHO-SEQ::T-Q1-SINGLE::SHO-SEQ-M2::UAV-4->T::UAV-4,UAV-4,N::UAV-4::S2-SHO-SEQ::T-Q1-SINGLE::SHO-SEQ-M2::UAV-4,T::UAV-4,67,67,0,0,0,2647.640458975,PASS
S2-SHO-SEQ,UAV-4::N::UAV-4::S2-SHO-SEQ::T-Q1-SINGLE::SHO-SEQ-M5::UAV-4->T::UAV-4,UAV-4,N::UAV-4::S2-SHO-SEQ::T-Q1-SINGLE::SHO-SEQ-M5::UAV-4,T::UAV-4,133,133,0,0,0,2647.640458975,PASS
S2-SHO-SEQ,UAV-4::S::UAV-4->N::UAV-4::S2-SHO-SEQ::T-Q1-SINGLE::SHO-SEQ-M2::UAV-4,UAV-4,S::UAV-4,N::UAV-4::S2-SHO-SEQ::T-Q1-SINGLE::SHO-SEQ-M2::UAV-4,0,56,947.048045244,56,0.757091191,2334.180798482,PASS
S2-SHO-SEQ,UAV-4::S::UAV-4->N::UAV-4::S2-SHO-SEQ::T-Q1-SINGLE::SHO-SEQ-M5::UAV-4,UAV-4,S::UAV-4,N::UAV-4::S2-SHO-SEQ::T-Q1-SINGLE::SHO-SEQ-M5::UAV-4,0,122,947.048045244,122,0.757091191,2334.180798482,PASS
S2-SHO-SUR,UAV-2::N::UAV-2::S2-SHO-SUR::T-Q2-TWO::SHO-SUR-M2+SHO-SUR-M5+SHO-SUR-M6::UAV-2->T::UAV-2,UAV-2,N::UAV-2::S2-SHO-SUR::T-Q2-TWO::SHO-SUR-M2+SHO-SUR-M5+SHO-SUR-M6::UAV-2,T::UAV-2,55,55,0,0,0,2469.817807046,PASS
S2-SHO-SUR,UAV-2::N::UAV-2::S2-SHO-SUR::T-Q2-TWO::SHO-SUR-M4+SHO-SUR-M5+SHO-SUR-M6::UAV-2->T::UAV-2,UAV-2,N::UAV-2::S2-SHO-SUR::T-Q2-TWO::SHO-SUR-M4+SHO-SUR-M5+SHO-SUR-M6::UAV-2,T::UAV-2,49,49,0,0,0,2469.817807046,PASS
S2-SHO-SUR,UAV-2::S::UAV-2->N::UAV-2::S2-SHO-SUR::T-Q2-TWO::SHO-SUR-M2+SHO-SUR-M5+SHO-SUR-M6::UAV-2,UAV-2,S::UAV-2,N::UAV-2::S2-SHO-SUR::T-Q2-TWO::SHO-SUR-M2+SHO-SUR-M5+SHO-SUR-M6::UAV-2,0,41,588.727441181,41,2.412123025,1888.279640308,PASS
S2-SHO-SUR,UAV-2::S::UAV-2->N::UAV-2::S2-SHO-SUR::T-Q2-TWO::SHO-SUR-M4+SHO-SUR-M5+SHO-SUR-M6::UAV-2,UAV-2,S::UAV-2,N::UAV-2::S2-SHO-SUR::T-Q2-TWO::SHO-SUR-M4+SHO-SUR-M5+SHO-SUR-M6::UAV-2,0,35,588.727441181,35,2.412123025,1888.279640308,PASS
S2-SHO-SUR,UAV-4::N::UAV-4::S2-SHO-SUR::T-Q1-SINGLE::SHO-SUR-M3::UAV-4->T::UAV-4,UAV-4,N::UAV-4::S2-SHO-SUR::T-Q1-SINGLE::SHO-SUR-M3::UAV-4,T::UAV-4,91,91,0,0,0,2647.640458975,PASS
S2-SHO-SUR,UAV-4::N::UAV-4::S2-SHO-SUR::T-Q1-SINGLE::SHO-SUR-M4::UAV-4->T::UAV-4,UAV-4,N::UAV-4::S2-SHO-SUR::T-Q1-SINGLE::SHO-SUR-M4::UAV-4,T::UAV-4,52,52,0,0,0,2647.640458975,PASS
S2-SHO-SUR,UAV-4::S::UAV-4->N::UAV-4::S2-SHO-SUR::T-Q1-SINGLE::SHO-SUR-M3::UAV-4,UAV-4,S::UAV-4,N::UAV-4::S2-SHO-SUR::T-Q1-SINGLE::SHO-SUR-M3::UAV-4,0,80,947.048045244,80,0.757091191,2334.180798482,PASS
S2-SHO-SUR,UAV-4::S::UAV-4->N::UAV-4::S2-SHO-SUR::T-Q1-SINGLE::SHO-SUR-M4::UAV-4,UAV-4,S::UAV-4,N::UAV-4::S2-SHO-SUR::T-Q1-SINGLE::SHO-SUR-M4::UAV-4,0,41,947.048045244,41,0.757091191,2334.180798482,PASS
S2-SUF-OVR,UAV-1::N::UAV-1::S2-SUF-OVR::T-Q1-SINGLE::SUF-OVR-M1::UAV-1->T::UAV-1,UAV-1,N::UAV-1::S2-SUF-OVR::T-Q1-SINGLE::SUF-OVR-M1::UAV-1,T::UAV-1,53,53,0,0,0,2400,PASS
S2-SUF-OVR,UAV-1::S::UAV-1->N::UAV-1::S2-SUF-OVR::T-Q1-SINGLE::SUF-OVR-M1::UAV-1,UAV-1,S::UAV-1,N::UAV-1::S2-SUF-OVR::T-Q1-SINGLE::SUF-OVR-M1::UAV-1,0,42,680,42,0,2080,PASS
S2-SUF-OVR,UAV-2::N::UAV-2::S2-SUF-OVR::T-Q2-TWO::SUF-OVR-M1+SUF-OVR-M2+SUF-OVR-M3+SUF-OVR-M4::UAV-2->T::UAV-2,UAV-2,N::UAV-2::S2-SUF-OVR::T-Q2-TWO::SUF-OVR-M1+SUF-OVR-M2+SUF-OVR-M3+SUF-OVR-M4::UAV-2,T::UAV-2,49.25,49.25,0,0,0,2469.817807046,PASS
S2-SUF-OVR,UAV-2::S::UAV-2->N::UAV-2::S2-SUF-OVR::T-Q2-TWO::SUF-OVR-M1+SUF-OVR-M2+SUF-OVR-M3+SUF-OVR-M4::UAV-2,UAV-2,S::UAV-2,N::UAV-2::S2-SUF-OVR::T-Q2-TWO::SUF-OVR-M1+SUF-OVR-M2+SUF-OVR-M3+SUF-OVR-M4::UAV-2,0,35.25,588.727441181,35.25,2.412123025,1888.279640308,PASS
S2-SUF-OVR,UAV-4::N::UAV-4::S2-SUF-OVR::T-Q1-SINGLE::SUF-OVR-M2::UAV-4->T::UAV-4,UAV-4,N::UAV-4::S2-SUF-OVR::T-Q1-SINGLE::SUF-OVR-M2::UAV-4,T::UAV-4,54.5,54.5,0,0,0,2647.640458975,PASS
S2-SUF-OVR,UAV-4::S::UAV-4->N::UAV-4::S2-SUF-OVR::T-Q1-SINGLE::SUF-OVR-M2::UAV-4,UAV-4,S::UAV-4,N::UAV-4::S2-SUF-OVR::T-Q1-SINGLE::SUF-OVR-M2::UAV-4,0,43.5,947.048045244,43.5,0.757091191,2334.180798482,PASS
S2-SUF-SEQ,UAV-1::N::UAV-1::S2-SUF-SEQ::T-Q1-SINGLE::SUF-SEQ-M1::UAV-1->T::UAV-1,UAV-1,N::UAV-1::S2-SUF-SEQ::T-Q1-SINGLE::SUF-SEQ-M1::UAV-1,T::UAV-1,45,45,0,0,0,2400,PASS
S2-SUF-SEQ,UAV-1::N::UAV-1::S2-SUF-SEQ::T-Q1-SINGLE::SUF-SEQ-M2::UAV-1->T::UAV-1,UAV-1,N::UAV-1::S2-SUF-SEQ::T-Q1-SINGLE::SUF-SEQ-M2::UAV-1,T::UAV-1,67,67,0,0,0,2400,PASS
S2-SUF-SEQ,UAV-1::S::UAV-1->N::UAV-1::S2-SUF-SEQ::T-Q1-SINGLE::SUF-SEQ-M1::UAV-1,UAV-1,S::UAV-1,N::UAV-1::S2-SUF-SEQ::T-Q1-SINGLE::SUF-SEQ-M1::UAV-1,0,34,680,34,0,2080,PASS
S2-SUF-SEQ,UAV-1::S::UAV-1->N::UAV-1::S2-SUF-SEQ::T-Q1-SINGLE::SUF-SEQ-M2::UAV-1,UAV-1,S::UAV-1,N::UAV-1::S2-SUF-SEQ::T-Q1-SINGLE::SUF-SEQ-M2::UAV-1,0,56,680,56,0,2080,PASS
S2-SUF-SEQ,UAV-2::N::UAV-2::S2-SUF-SEQ::T-Q2-TWO::SUF-SEQ-M3::UAV-2->T::UAV-2,UAV-2,N::UAV-2::S2-SUF-SEQ::T-Q2-TWO::SUF-SEQ-M3::UAV-2,T::UAV-2,83,83,0,0,0,2469.817807046,PASS
S2-SUF-SEQ,UAV-2::S::UAV-2->N::UAV-2::S2-SUF-SEQ::T-Q2-TWO::SUF-SEQ-M3::UAV-2,UAV-2,S::UAV-2,N::UAV-2::S2-SUF-SEQ::T-Q2-TWO::SUF-SEQ-M3::UAV-2,0,69,588.727441181,69,2.412123025,1888.279640308,PASS
S2-SUF-SEQ,UAV-3::N::UAV-3::S2-SUF-SEQ::T-Q2-THREE::SUF-SEQ-M3+SUF-SEQ-M4::UAV-3->T::UAV-3,UAV-3,N::UAV-3::S2-SUF-SEQ::T-Q2-THREE::SUF-SEQ-M3+SUF-SEQ-M4::UAV-3,T::UAV-3,89,89,0,0,0,2469.817807046,PASS
S2-SUF-SEQ,UAV-3::S::UAV-3->N::UAV-3::S2-SUF-SEQ::T-Q2-THREE::SUF-SEQ-M3+SUF-SEQ-M4::UAV-3,UAV-3,S::UAV-3,N::UAV-3::S2-SUF-SEQ::T-Q2-THREE::SUF-SEQ-M3+SUF-SEQ-M4::UAV-3,0,71,554.436651025,71,3.394776908,1647.54362613,PASS
S2-SUF-SEQ,UAV-4::N::UAV-4::S2-SUF-SEQ::T-Q1-SINGLE::SUF-SEQ-M1::UAV-4->T::UAV-4,UAV-4,N::UAV-4::S2-SUF-SEQ::T-Q1-SINGLE::SUF-SEQ-M1::UAV-4,T::UAV-4,45,45,0,0,0,2647.640458975,PASS
S2-SUF-SEQ,UAV-4::N::UAV-4::S2-SUF-SEQ::T-Q1-SINGLE::SUF-SEQ-M2::UAV-4->T::UAV-4,UAV-4,N::UAV-4::S2-SUF-SEQ::T-Q1-SINGLE::SUF-SEQ-M2::UAV-4,T::UAV-4,67,67,0,0,0,2647.640458975,PASS
S2-SUF-SEQ,UAV-4::S::UAV-4->N::UAV-4::S2-SUF-SEQ::T-Q1-SINGLE::SUF-SEQ-M1::UAV-4,UAV-4,S::UAV-4,N::UAV-4::S2-SUF-SEQ::T-Q1-SINGLE::SUF-SEQ-M1::UAV-4,0,34,947.048045244,34,0.757091191,2334.180798482,PASS
S2-SUF-SEQ,UAV-4::S::UAV-4->N::UAV-4::S2-SUF-SEQ::T-Q1-SINGLE::SUF-SEQ-M2::UAV-4,UAV-4,S::UAV-4,N::UAV-4::S2-SUF-SEQ::T-Q1-SINGLE::SUF-SEQ-M2::UAV-4,0,56,947.048045244,56,0.757091191,2334.180798482,PASS
S2-SUF-SEQ,UAV-5::N::UAV-5::S2-SUF-SEQ::T-Q2-TWO::SUF-SEQ-M4::UAV-5->T::UAV-5,UAV-5,N::UAV-5::S2-SUF-SEQ::T-Q2-TWO::SUF-SEQ-M4::UAV-5,T::UAV-5,105,105,0,0,0,2647.640458975,PASS
S2-SUF-SEQ,UAV-5::S::UAV-5->N::UAV-5::S2-SUF-SEQ::T-Q2-TWO::SUF-SEQ-M4::UAV-5,UAV-5,S::UAV-5,N::UAV-5::S2-SUF-SEQ::T-Q2-TWO::SUF-SEQ-M4::UAV-5,0,91,660.378679244,91,1.117198631,2022.770377477,PASS
S2-SUF-SUR,UAV-2::N::UAV-2::S2-SUF-SUR::T-Q2-TWO::SUF-SUR-M2::UAV-2->T::UAV-2,UAV-2,N::UAV-2::S2-SUF-SUR::T-Q2-TWO::SUF-SUR-M2::UAV-2,T::UAV-2,61,61,0,0,0,2469.817807046,PASS
S2-SUF-SUR,UAV-2::S::UAV-2->N::UAV-2::S2-SUF-SUR::T-Q2-TWO::SUF-SUR-M2::UAV-2,UAV-2,S::UAV-2,N::UAV-2::S2-SUF-SUR::T-Q2-TWO::SUF-SUR-M2::UAV-2,0,47,588.727441181,47,2.412123025,1888.279640308,PASS
S2-SUF-SUR,UAV-3::N::UAV-3::S2-SUF-SUR::T-Q2-THREE::SUF-SUR-M2+SUF-SUR-M4::UAV-3->T::UAV-3,UAV-3,N::UAV-3::S2-SUF-SUR::T-Q2-THREE::SUF-SUR-M2+SUF-SUR-M4::UAV-3,T::UAV-3,48.5,48.5,0,0,0,2469.817807046,PASS
S2-SUF-SUR,UAV-3::S::UAV-3->N::UAV-3::S2-SUF-SUR::T-Q2-THREE::SUF-SUR-M2+SUF-SUR-M4::UAV-3,UAV-3,S::UAV-3,N::UAV-3::S2-SUF-SUR::T-Q2-THREE::SUF-SUR-M2+SUF-SUR-M4::UAV-3,0,30.5,554.436651025,30.5,3.394776908,1647.54362613,PASS
S2-SUF-SUR,UAV-4::N::UAV-4::S2-SUF-SUR::T-Q1-SINGLE::SUF-SUR-M3::UAV-4->T::UAV-4,UAV-4,N::UAV-4::S2-SUF-SUR::T-Q1-SINGLE::SUF-SUR-M3::UAV-4,T::UAV-4,91,91,0,0,0,2647.640458975,PASS
S2-SUF-SUR,UAV-4::N::UAV-4::S2-SUF-SUR::T-Q1-SINGLE::SUF-SUR-M4::UAV-4->T::UAV-4,UAV-4,N::UAV-4::S2-SUF-SUR::T-Q1-SINGLE::SUF-SUR-M4::UAV-4,T::UAV-4,52,52,0,0,0,2647.640458975,PASS
S2-SUF-SUR,UAV-4::S::UAV-4->N::UAV-4::S2-SUF-SUR::T-Q1-SINGLE::SUF-SUR-M3::UAV-4,UAV-4,S::UAV-4,N::UAV-4::S2-SUF-SUR::T-Q1-SINGLE::SUF-SUR-M3::UAV-4,0,80,947.048045244,80,0.757091191,2334.180798482,PASS
S2-SUF-SUR,UAV-4::S::UAV-4->N::UAV-4::S2-SUF-SUR::T-Q1-SINGLE::SUF-SUR-M4::UAV-4,UAV-4,S::UAV-4,N::UAV-4::S2-SUF-SUR::T-Q1-SINGLE::SUF-SUR-M4::UAV-4,0,41,947.048045244,41,0.757091191,2334.180798482,PASS
S2-SUF-SUR,UAV-5::N::UAV-5::S2-SUF-SUR::T-Q2-TWO::SUF-SUR-M3::UAV-5->T::UAV-5,UAV-5,N::UAV-5::S2-SUF-SUR::T-Q2-TWO::SUF-SUR-M3::UAV-5,T::UAV-5,85,85,0,0,0,2647.640458975,PASS
S2-SUF-SUR,UAV-5::S::UAV-5->N::UAV-5::S2-SUF-SUR::T-Q2-TWO::SUF-SUR-M3::UAV-5,UAV-5,S::UAV-5,N::UAV-5::S2-SUF-SUR::T-Q2-TWO::SUF-SUR-M3::UAV-5,0,71,660.378679244,71,1.117198631,2022.770377477,PASS
