scenario_label,candidate_id,lead_required_s,user_defined_latest_uav_warning_lead_s,d_safe_max_m,normal_min_slack_sq_m2,n_minus_one_success_rate,worst_failure_continuous_cover_s,double_cover_time_ratio,total_path_length_m,total_turn_angle_rad
SYNTHETIC_SCENARIO_ONLY,A-00017,22.285714285714285,8.346399714653828,83.7209140604326,1472.1324133515545,0.3333333333333333,9.552659387108136,0.24958402662229617,956.3309416877235,1.6011571293826257
SYNTHETIC_SCENARIO_ONLY,A-00018,22.285714285714285,8.346399714653828,83.7209140604326,1472.1324133515545,0.3333333333333333,9.552659387108136,0.24958402662229617,956.3309416877235,1.6011571293826257
SYNTHETIC_SCENARIO_ONLY,A-00023,20.285714285714285,8.346399714653828,60.61262307194081,1472.1324133515545,0.3333333333333333,9.552659387108136,0.24958402662229617,956.3309416877235,1.6011571293826257
SYNTHETIC_SCENARIO_ONLY,A-00024,20.285714285714285,8.346399714653828,60.61262307194081,1472.1324133515545,0.3333333333333333,9.552659387108136,0.24958402662229617,956.3309416877235,1.6011571293826257
SYNTHETIC_SCENARIO_ONLY,A-00029,18.285714285714285,8.346399714653828,10.296665116911733,1472.1324133515545,0.3333333333333333,9.552659387108136,0.24958402662229617,956.3309416877235,1.6011571293826257
SYNTHETIC_SCENARIO_ONLY,A-00030,18.285714285714285,8.346399714653828,10.296665116911733,1472.1324133515545,0.3333333333333333,9.552659387108136,0.24958402662229617,956.3309416877235,1.6011571293826257
SYNTHETIC_SCENARIO_ONLY,A-00035,16.285714285714285,8.346399714653828,40.019292838117316,1472.1324133515545,0.3333333333333333,9.552659387108136,0.24958402662229617,956.3309416877235,1.6011571293826257
SYNTHETIC_SCENARIO_ONLY,A-00036,16.285714285714285,8.346399714653828,40.019292838117316,1472.1324133515545,0.3333333333333333,9.552659387108136,0.24958402662229617,956.3309416877235,1.6011571293826257
SYNTHETIC_SCENARIO_ONLY,A-00041,15.968199098479152,8.346399714653828,70.0747187130729,1472.1324133515545,0.3333333333333333,9.552659387108136,0.24958402662229617,956.3309416877235,1.6011571293826257
SYNTHETIC_SCENARIO_ONLY,A-00042,15.968199098479152,8.346399714653828,70.0747187130729,1472.1324133515545,0.3333333333333333,9.552659387108136,0.24958402662229617,956.3309416877235,1.6011571293826257
SYNTHETIC_SCENARIO_ONLY,A-00113,23.0,8.346399714653828,83.7209140604326,1472.1324133515545,0.3333333333333333,9.552659387108136,0.3527454242928453,976.3309416877235,1.6011571293826257
SYNTHETIC_SCENARIO_ONLY,A-00114,23.0,8.346399714653828,83.7209140604326,1472.1324133515545,0.3333333333333333,9.552659387108136,0.3527454242928453,976.3309416877235,1.6011571293826257
SYNTHETIC_SCENARIO_ONLY,A-00119,21.0,8.346399714653828,78.58260805587977,1472.1324133515545,0.3333333333333333,9.552659387108136,0.3527454242928453,976.3309416877235,1.6011571293826257
SYNTHETIC_SCENARIO_ONLY,A-00120,21.0,8.346399714653828,78.58260805587977,1472.1324133515545,0.3333333333333333,9.552659387108136,0.3527454242928453,976.3309416877235,1.6011571293826257
SYNTHETIC_SCENARIO_ONLY,A-00125,19.0,8.346399714653828,28.266650100850686,1472.1324133515545,0.3333333333333333,9.552659387108136,0.3527454242928453,976.3309416877235,1.6011571293826257
SYNTHETIC_SCENARIO_ONLY,A-00126,19.0,8.346399714653828,28.266650100850686,1472.1324133515545,0.3333333333333333,9.552659387108136,0.3527454242928453,976.3309416877235,1.6011571293826257
SYNTHETIC_SCENARIO_ONLY,A-00131,17.0,8.346399714653828,22.049307854178384,1472.1324133515545,0.3333333333333333,9.552659387108136,0.3527454242928453,976.3309416877235,1.6011571293826257
SYNTHETIC_SCENARIO_ONLY,A-00132,17.0,8.346399714653828,22.049307854178384,1472.1324133515545,0.3333333333333333,9.552659387108136,0.3527454242928453,976.3309416877235,1.6011571293826257
SYNTHETIC_SCENARIO_ONLY,A-00137,15.968199098479152,8.346399714653828,72.36526580920746,1472.1324133515545,0.3333333333333333,9.552659387108136,0.3527454242928453,976.3309416877235,1.6011571293826257
SYNTHETIC_SCENARIO_ONLY,A-00138,15.968199098479152,8.346399714653828,72.36526580920746,1472.1324133515545,0.3333333333333333,9.552659387108136,0.3527454242928453,976.3309416877235,1.6011571293826257
SYNTHETIC_SCENARIO_ONLY,A-00217,17.876433988353572,8.346399714653828,46.38092783617386,1463.887280249689,0.6666666666666666,10.355759070095104,0.40931780366056575,993.948972850178,1.5882972629453929
SYNTHETIC_SCENARIO_ONLY,A-00218,17.876433988353572,8.346399714653828,46.38092783617386,1463.887280249689,0.6666666666666666,10.355759070095104,0.40931780366056575,993.948972850178,1.5882972629453929
SYNTHETIC_SCENARIO_ONLY,A-00223,17.876433988353572,8.346399714653828,4.0920533970100745,1463.887280249689,0.6666666666666666,10.355759070095104,0.40931780366056575,993.948972850178,1.5882972629453929
SYNTHETIC_SCENARIO_ONLY,A-00224,17.876433988353572,8.346399714653828,4.0920533970100745,1463.887280249689,0.6666666666666666,10.355759070095104,0.40931780366056575,993.948972850178,1.5882972629453929
SYNTHETIC_SCENARIO_ONLY,A-00229,17.876433988353572,8.346399714653828,44.43778343132874,1463.887280249689,0.6666666666666666,10.355759070095104,0.40931780366056575,993.948972850178,1.5882972629453929
SYNTHETIC_SCENARIO_ONLY,A-00230,17.876433988353572,8.346399714653828,44.43778343132874,1463.887280249689,0.6666666666666666,10.355759070095104,0.40931780366056575,993.948972850178,1.5882972629453929
SYNTHETIC_SCENARIO_ONLY,A-00313,18.17816660091372,8.346399714653828,65.00353534984697,1463.887280249689,0.3333333333333333,12.934131736526945,0.40765391014975044,1006.7501834297914,1.5489475065567873
SYNTHETIC_SCENARIO_ONLY,A-00314,18.17816660091372,8.346399714653828,65.00353534984697,1463.887280249689,0.3333333333333333,12.934131736526945,0.40765391014975044,1006.7501834297914,1.5489475065567873
SYNTHETIC_SCENARIO_ONLY,A-00319,17.876433988353572,8.346399714653828,14.063069271893019,1463.887280249689,0.3333333333333333,12.934131736526945,0.40765391014975044,1006.7501834297914,1.5489475065567873
SYNTHETIC_SCENARIO_ONLY,A-00320,17.876433988353572,8.346399714653828,14.063069271893019,1463.887280249689,0.3333333333333333,12.934131736526945,0.40765391014975044,1006.7501834297914,1.5489475065567873
SYNTHETIC_SCENARIO_ONLY,A-00325,17.876433988353572,8.346399714653828,36.877396806060865,1463.887280249689,0.3333333333333333,12.934131736526945,0.40765391014975044,1006.7501834297914,1.5489475065567873
SYNTHETIC_SCENARIO_ONLY,A-00326,17.876433988353572,8.346399714653828,36.877396806060865,1463.887280249689,0.3333333333333333,12.934131736526945,0.40765391014975044,1006.7501834297914,1.5489475065567873
SYNTHETIC_SCENARIO_ONLY,A-00331,17.876433988353572,8.346399714653828,27.40581410118193,1463.887280249689,0.3333333333333333,12.934131736526945,0.40765391014975044,1006.7501834297914,1.5489475065567873
SYNTHETIC_SCENARIO_ONLY,A-00332,17.876433988353572,8.346399714653828,27.40581410118193,1463.887280249689,0.3333333333333333,12.934131736526945,0.40765391014975044,1006.7501834297914,1.5489475065567873
SYNTHETIC_SCENARIO_ONLY,A-00415,17.876433988353572,8.346399714653828,32.5219032862355,1463.887280249689,0.3333333333333333,15.554772807326524,0.40931780366056575,1020.127209177871,1.512109142771005
SYNTHETIC_SCENARIO_ONLY,A-00416,17.876433988353572,8.346399714653828,32.5219032862355,1463.887280249689,0.3333333333333333,15.554772807326524,0.40931780366056575,1020.127209177871,1.512109142771005
SYNTHETIC_SCENARIO_ONLY,A-00421,17.876433988353572,8.346399714653828,18.83834414857051,1463.887280249689,0.3333333333333333,15.554772807326524,0.40931780366056575,1020.127209177871,1.512109142771005
SYNTHETIC_SCENARIO_ONLY,A-00422,17.876433988353572,8.346399714653828,18.83834414857051,1463.887280249689,0.3333333333333333,15.554772807326524,0.40931780366056575,1020.127209177871,1.512109142771005
SYNTHETIC_SCENARIO_ONLY,A-00427,17.876433988353572,8.346399714653828,49.529088115499164,1463.887280249689,0.3333333333333333,15.554772807326524,0.40931780366056575,1020.127209177871,1.512109142771005
SYNTHETIC_SCENARIO_ONLY,A-00428,17.876433988353572,8.346399714653828,49.529088115499164,1463.887280249689,0.3333333333333333,15.554772807326524,0.40931780366056575,1020.127209177871,1.512109142771005
SYNTHETIC_SCENARIO_ONLY,A-00433,17.876433988353572,8.346399714653828,8.786374773654895,1463.887280249689,0.3333333333333333,15.554772807326524,0.40931780366056575,1020.127209177871,1.512109142771005
SYNTHETIC_SCENARIO_ONLY,A-00434,17.876433988353572,8.346399714653828,8.786374773654895,1463.887280249689,0.3333333333333333,15.554772807326524,0.40931780366056575,1020.127209177871,1.512109142771005
SYNTHETIC_SCENARIO_ONLY,A-00523,17.876433988353572,8.346399714653828,52.236288896599966,1463.887280249689,0.3333333333333333,17.541387812610072,0.40765391014975044,1034.0255873161357,1.477640041771497
SYNTHETIC_SCENARIO_ONLY,A-00524,17.876433988353572,8.346399714653828,52.236288896599966,1463.887280249689,0.3333333333333333,17.541387812610072,0.40765391014975044,1034.0255873161357,1.477640041771497
SYNTHETIC_SCENARIO_ONLY,A-00529,17.876433988353572,8.346399714653828,30.14337929591268,1463.887280249689,0.3333333333333333,17.541387812610072,0.40765391014975044,1034.0255873161357,1.477640041771497
SYNTHETIC_SCENARIO_ONLY,A-00530,17.876433988353572,8.346399714653828,30.14337929591268,1463.887280249689,0.3333333333333333,17.541387812610072,0.40765391014975044,1034.0255873161357,1.477640041771497
SYNTHETIC_SCENARIO_ONLY,A-00535,17.876433988353572,8.346399714653828,11.255387349357683,1463.887280249689,0.3333333333333333,17.541387812610072,0.40765391014975044,1034.0255873161357,1.477640041771497
SYNTHETIC_SCENARIO_ONLY,A-00536,17.876433988353572,8.346399714653828,11.255387349357683,1463.887280249689,0.3333333333333333,17.541387812610072,0.40765391014975044,1034.0255873161357,1.477640041771497
SYNTHETIC_SCENARIO_ONLY,A-00625,17.876433988353572,8.346399714653828,51.43360815631523,1463.887280249689,0.3333333333333333,14.96301514617823,0.40765391014975044,1048.3957625934333,1.445393159336243
SYNTHETIC_SCENARIO_ONLY,A-00626,17.876433988353572,8.346399714653828,51.43360815631523,1463.887280249689,0.3333333333333333,14.96301514617823,0.40765391014975044,1048.3957625934333,1.445393159336243
SYNTHETIC_SCENARIO_ONLY,A-00631,17.876433988353572,8.346399714653828,9.43221293848507,1463.887280249689,0.3333333333333333,14.96301514617823,0.40765391014975044,1048.3957625934333,1.445393159336243
SYNTHETIC_SCENARIO_ONLY,A-00632,17.876433988353572,8.346399714653828,9.43221293848507,1463.887280249689,0.3333333333333333,14.96301514617823,0.40765391014975044,1048.3957625934333,1.445393159336243
SYNTHETIC_SCENARIO_ONLY,A-00637,17.876433988353572,7.665508713900936,32.5691822793451,1463.887280249689,0.3333333333333333,14.96301514617823,0.40765391014975044,1048.3957625934333,1.445393159336243
SYNTHETIC_SCENARIO_ONLY,A-00638,17.876433988353572,7.665508713900936,32.5691822793451,1463.887280249689,0.3333333333333333,14.96301514617823,0.40765391014975044,1048.3957625934333,1.445393159336243
SYNTHETIC_SCENARIO_ONLY,A-00727,17.876433988353572,8.346399714653828,30.091285757238914,1463.887280249689,0.3333333333333333,12.384642479746388,0.40931780366056575,1063.1928805543926,1.4152212317755395
SYNTHETIC_SCENARIO_ONLY,A-00728,17.876433988353572,8.346399714653828,30.091285757238914,1463.887280249689,0.3333333333333333,12.384642479746388,0.40931780366056575,1063.1928805543926,1.4152212317755395
SYNTHETIC_SCENARIO_ONLY,A-00733,17.876433988353572,8.19397721250662,12.464076936664208,1463.887280249689,0.3333333333333333,12.384642479746388,0.40931780366056575,1063.1928805543926,1.4152212317755395
SYNTHETIC_SCENARIO_ONLY,A-00734,17.876433988353572,8.19397721250662,12.464076936664208,1463.887280249689,0.3333333333333333,12.384642479746388,0.40931780366056575,1063.1928805543926,1.4152212317755395
SYNTHETIC_SCENARIO_ONLY,A-00739,17.876433988353572,6.193977212506621,55.019439630567334,1463.887280249689,0.3333333333333333,12.384642479746388,0.40931780366056575,1063.1928805543926,1.4152212317755395
SYNTHETIC_SCENARIO_ONLY,A-00740,17.876433988353572,6.193977212506621,55.019439630567334,1463.887280249689,0.3333333333333333,12.384642479746388,0.40931780366056575,1063.1928805543926,1.4152212317755395
SYNTHETIC_SCENARIO_ONLY,A-00829,17.876433988353572,8.346399714653828,7.645537916771897,1463.887280249689,0.6666666666666666,9.764001408946813,0.3860232945091514,1078.3764991586065,1.3869801545707516
SYNTHETIC_SCENARIO_ONLY,A-00830,17.876433988353572,8.346399714653828,7.645537916771897,1463.887280249689,0.6666666666666666,9.764001408946813,0.3860232945091514,1078.3764991586065,1.3869801545707516
SYNTHETIC_SCENARIO_ONLY,A-00925,17.876433988353572,8.346399714653828,27.74759226243062,1463.887280249689,0.6666666666666666,9.552659387108136,0.3777038269550749,1093.9102560806155,1.3605312972046328
SYNTHETIC_SCENARIO_ONLY,A-00926,17.876433988353572,8.346399714653828,27.74759226243062,1463.887280249689,0.6666666666666666,9.552659387108136,0.3777038269550749,1093.9102560806155,1.3605312972046328
SYNTHETIC_SCENARIO_ONLY,A-01015,17.876433988353572,8.346399714653828,65.02289713887788,1463.887280249689,0.3333333333333333,9.552659387108136,0.194675540765391,1109.7615186042071,1.335742987167333
SYNTHETIC_SCENARIO_ONLY,A-01016,17.876433988353572,8.346399714653828,65.02289713887788,1463.887280249689,0.3333333333333333,9.552659387108136,0.194675540765391,1109.7615186042071,1.335742987167333
SYNTHETIC_SCENARIO_ONLY,A-01021,17.876433988353572,8.346399714653828,47.83291020976762,1463.887280249689,0.3333333333333333,9.552659387108136,0.194675540765391,1109.7615186042071,1.335742987167333
SYNTHETIC_SCENARIO_ONLY,A-01022,17.876433988353572,8.346399714653828,47.83291020976762,1463.887280249689,0.3333333333333333,9.552659387108136,0.194675540765391,1109.7615186042071,1.335742987167333
SYNTHETIC_SCENARIO_ONLY,A-01027,17.876433988353572,7.857142857142858,3.864977139235463,1463.887280249689,0.3333333333333333,9.552659387108136,0.194675540765391,1109.7615186042071,1.335742987167333
SYNTHETIC_SCENARIO_ONLY,A-01028,17.876433988353572,7.857142857142858,3.864977139235463,1463.887280249689,0.3333333333333333,9.552659387108136,0.194675540765391,1109.7615186042071,1.335742987167333
SYNTHETIC_SCENARIO_ONLY,A-01033,17.876433988353572,5.857142857142858,40.10295593129671,1463.887280249689,0.3333333333333333,9.552659387108136,0.194675540765391,1109.7615186042071,1.335742987167333
SYNTHETIC_SCENARIO_ONLY,A-01034,17.876433988353572,5.857142857142858,40.10295593129671,1463.887280249689,0.3333333333333333,9.552659387108136,0.194675540765391,1109.7615186042071,1.335742987167333
SYNTHETIC_SCENARIO_ONLY,A-01039,17.876433988353572,3.8571428571428577,84.07088900182887,1463.887280249689,0.3333333333333333,9.552659387108136,0.194675540765391,1109.7615186042071,1.335742987167333
SYNTHETIC_SCENARIO_ONLY,A-01040,17.876433988353572,3.8571428571428577,84.07088900182887,1463.887280249689,0.3333333333333333,9.552659387108136,0.194675540765391,1109.7615186042071,1.335742987167333
SYNTHETIC_SCENARIO_ONLY,A-01117,17.876433988353572,8.346399714653828,67.89465020987333,1463.887280249689,0.3333333333333333,9.552659387108136,0.07986688851913477,1125.9010346267648,1.31249136435687
SYNTHETIC_SCENARIO_ONLY,A-01118,17.876433988353572,8.346399714653828,67.89465020987333,1463.887280249689,0.3333333333333333,9.552659387108136,0.07986688851913477,1125.9010346267648,1.31249136435687
SYNTHETIC_SCENARIO_ONLY,A-01123,17.876433988353572,8.346399714653828,23.52649453529196,1463.887280249689,0.3333333333333333,9.552659387108136,0.07986688851913477,1125.9010346267648,1.31249136435687
SYNTHETIC_SCENARIO_ONLY,A-01124,17.876433988353572,8.346399714653828,23.52649453529196,1463.887280249689,0.3333333333333333,9.552659387108136,0.07986688851913477,1125.9010346267648,1.31249136435687
SYNTHETIC_SCENARIO_ONLY,A-01129,17.876433988353572,6.433554143662773,20.841661139289442,1463.887280249689,0.3333333333333333,9.552659387108136,0.07986688851913477,1125.9010346267648,1.31249136435687
SYNTHETIC_SCENARIO_ONLY,A-01130,17.876433988353572,6.433554143662773,20.841661139289442,1463.887280249689,0.3333333333333333,9.552659387108136,0.07986688851913477,1125.9010346267648,1.31249136435687
SYNTHETIC_SCENARIO_ONLY,A-01135,17.876433988353572,4.433554143662773,65.20981681387084,1463.887280249689,0.3333333333333333,9.552659387108136,0.07986688851913477,1125.9010346267648,1.31249136435687
SYNTHETIC_SCENARIO_ONLY,A-01136,17.876433988353572,4.433554143662773,65.20981681387084,1463.887280249689,0.3333333333333333,9.552659387108136,0.07986688851913477,1125.9010346267648,1.31249136435687
SYNTHETIC_SCENARIO_ONLY,A-01141,17.876433988353572,2.4335541436627732,109.57797248845223,1463.887280249689,0.3333333333333333,9.552659387108136,0.07986688851913477,1125.9010346267648,1.31249136435687
SYNTHETIC_SCENARIO_ONLY,A-01142,17.876433988353572,2.4335541436627732,109.57797248845223,1463.887280249689,0.3333333333333333,9.552659387108136,0.07986688851913477,1125.9010346267648,1.31249136435687
SYNTHETIC_SCENARIO_ONLY,A-01147,17.876433988353572,0.43355414366277323,153.94612816303365,1463.887280249689,0.3333333333333333,9.552659387108136,0.07986688851913477,1125.9010346267648,1.31249136435687
SYNTHETIC_SCENARIO_ONLY,A-01148,17.876433988353572,0.43355414366277323,153.94612816303365,1463.887280249689,0.3333333333333333,9.552659387108136,0.07986688851913477,1125.9010346267648,1.31249136435687
SYNTHETIC_SCENARIO_ONLY,A-01153,31.019324222420494,8.346399714653828,164.6524134588492,1463.887280249689,0.3333333333333333,9.552659387108136,0.0,1142.3025968319812,1.2906607718525858
SYNTHETIC_SCENARIO_ONLY,A-01154,31.019324222420494,8.346399714653828,164.6524134588492,1463.887280249689,0.3333333333333333,9.552659387108136,0.0,1142.3025968319812,1.2906607718525858
SYNTHETIC_SCENARIO_ONLY,A-01159,29.019324222420494,8.346399714653828,164.6524134588492,1463.887280249689,0.3333333333333333,9.552659387108136,0.0,1142.3025968319812,1.2906607718525858
SYNTHETIC_SCENARIO_ONLY,A-01160,29.019324222420494,8.346399714653828,164.6524134588492,1463.887280249689,0.3333333333333333,9.552659387108136,0.0,1142.3025968319812,1.2906607718525858
SYNTHETIC_SCENARIO_ONLY,A-01165,27.019324222420494,8.346399714653828,164.6524134588492,1463.887280249689,0.3333333333333333,9.552659387108136,0.0,1142.3025968319812,1.2906607718525858
SYNTHETIC_SCENARIO_ONLY,A-01166,27.019324222420494,8.346399714653828,164.6524134588492,1463.887280249689,0.3333333333333333,9.552659387108136,0.0,1142.3025968319812,1.2906607718525858
SYNTHETIC_SCENARIO_ONLY,A-01171,25.019324222420494,8.346399714653828,164.6524134588492,1463.887280249689,0.3333333333333333,9.552659387108136,0.0,1142.3025968319812,1.2906607718525858
SYNTHETIC_SCENARIO_ONLY,A-01172,25.019324222420494,8.346399714653828,164.6524134588492,1463.887280249689,0.3333333333333333,9.552659387108136,0.0,1142.3025968319812,1.2906607718525858
SYNTHETIC_SCENARIO_ONLY,A-01177,23.019324222420494,8.346399714653828,164.6524134588492,1463.887280249689,0.3333333333333333,9.552659387108136,0.0,1142.3025968319812,1.2906607718525858
SYNTHETIC_SCENARIO_ONLY,A-01178,23.019324222420494,8.346399714653828,164.6524134588492,1463.887280249689,0.3333333333333333,9.552659387108136,0.0,1142.3025968319812,1.2906607718525858
SYNTHETIC_SCENARIO_ONLY,A-01183,21.019324222420494,8.346399714653828,164.6524134588492,1463.887280249689,0.3333333333333333,9.552659387108136,0.0,1142.3025968319812,1.2906607718525858
SYNTHETIC_SCENARIO_ONLY,A-01184,21.019324222420494,8.346399714653828,164.6524134588492,1463.887280249689,0.3333333333333333,9.552659387108136,0.0,1142.3025968319812,1.2906607718525858
SYNTHETIC_SCENARIO_ONLY,A-01189,19.019324222420494,8.346399714653828,133.26362146961634,1463.887280249689,0.3333333333333333,9.552659387108136,0.0,1142.3025968319812,1.2906607718525858
SYNTHETIC_SCENARIO_ONLY,A-01190,19.019324222420494,8.346399714653828,133.26362146961634,1463.887280249689,0.3333333333333333,9.552659387108136,0.0,1142.3025968319812,1.2906607718525858
SYNTHETIC_SCENARIO_ONLY,A-01195,17.876433988353572,8.346399714653828,79.75171182772227,1463.887280249689,0.3333333333333333,9.552659387108136,0.0,1142.3025968319812,1.2906607718525858
SYNTHETIC_SCENARIO_ONLY,A-01196,17.876433988353572,8.346399714653828,79.75171182772227,1463.887280249689,0.3333333333333333,9.552659387108136,0.0,1142.3025968319812,1.2906607718525858
SYNTHETIC_SCENARIO_ONLY,A-01201,17.876433988353572,8.346399714653828,26.239802185828196,1463.887280249689,0.3333333333333333,9.552659387108136,0.0,1142.3025968319812,1.2906607718525858
SYNTHETIC_SCENARIO_ONLY,A-01202,17.876433988353572,8.346399714653828,26.239802185828196,1463.887280249689,0.3333333333333333,9.552659387108136,0.0,1142.3025968319812,1.2906607718525858
SYNTHETIC_SCENARIO_ONLY,A-01207,17.876433988353572,8.346399714653828,27.272107456065875,1463.887280249689,0.3333333333333333,9.552659387108136,0.0,1142.3025968319812,1.2906607718525858
SYNTHETIC_SCENARIO_ONLY,A-01208,17.876433988353572,8.346399714653828,27.272107456065875,1463.887280249689,0.3333333333333333,9.552659387108136,0.0,1142.3025968319812,1.2906607718525858
SYNTHETIC_SCENARIO_ONLY,A-01213,17.876433988353572,8.346399714653828,80.78401709795996,1463.887280249689,0.3333333333333333,9.552659387108136,0.0,1142.3025968319812,1.2906607718525858
SYNTHETIC_SCENARIO_ONLY,A-01214,17.876433988353572,8.346399714653828,80.78401709795996,1463.887280249689,0.3333333333333333,9.552659387108136,0.0,1142.3025968319812,1.2906607718525858
SYNTHETIC_SCENARIO_ONLY,A-01219,17.876433988353572,8.346399714653828,43.189376394785555,1463.887280249689,0.3333333333333333,9.552659387108136,0.0,1142.3025968319812,1.2906607718525858
SYNTHETIC_SCENARIO_ONLY,A-01220,17.876433988353572,8.346399714653828,43.189376394785555,1463.887280249689,0.3333333333333333,9.552659387108136,0.0,1142.3025968319812,1.2906607718525858
SYNTHETIC_SCENARIO_ONLY,A-01225,17.876433988353572,7.0193242224204955,1.5490849717369497,1463.887280249689,0.3333333333333333,9.552659387108136,0.0,1142.3025968319812,1.2906607718525858
SYNTHETIC_SCENARIO_ONLY,A-01226,17.876433988353572,7.0193242224204955,1.5490849717369497,1463.887280249689,0.3333333333333333,9.552659387108136,0.0,1142.3025968319812,1.2906607718525858
SYNTHETIC_SCENARIO_ONLY,A-01231,17.876433988353572,5.0193242224204955,46.28754633825944,1463.887280249689,0.3333333333333333,9.552659387108136,0.0,1142.3025968319812,1.2906607718525858
SYNTHETIC_SCENARIO_ONLY,A-01232,17.876433988353572,5.0193242224204955,46.28754633825944,1463.887280249689,0.3333333333333333,9.552659387108136,0.0,1142.3025968319812,1.2906607718525858
SYNTHETIC_SCENARIO_ONLY,A-01237,17.876433988353572,3.0193242224204955,91.02600770478195,1463.887280249689,0.3333333333333333,9.552659387108136,0.0,1142.3025968319812,1.2906607718525858
SYNTHETIC_SCENARIO_ONLY,A-01238,17.876433988353572,3.0193242224204955,91.02600770478195,1463.887280249689,0.3333333333333333,9.552659387108136,0.0,1142.3025968319812,1.2906607718525858
SYNTHETIC_SCENARIO_ONLY,A-01243,17.876433988353572,1.0193242224204955,135.7644690713045,1463.887280249689,0.3333333333333333,9.552659387108136,0.0,1142.3025968319812,1.2906607718525858
SYNTHETIC_SCENARIO_ONLY,A-01244,17.876433988353572,1.0193242224204955,135.7644690713045,1463.887280249689,0.3333333333333333,9.552659387108136,0.0,1142.3025968319812,1.2906607718525858
SYNTHETIC_SCENARIO_ONLY,A-01249,31.613614596779975,8.346399714653828,164.6524134588492,1463.887280249689,0.3333333333333333,9.552659387108136,0.0,1158.9427273140464,1.2701438153362945
SYNTHETIC_SCENARIO_ONLY,A-01250,31.613614596779975,8.346399714653828,164.6524134588492,1463.887280249689,0.3333333333333333,9.552659387108136,0.0,1158.9427273140464,1.2701438153362945
SYNTHETIC_SCENARIO_ONLY,A-01255,29.613614596779975,8.346399714653828,164.6524134588492,1463.887280249689,0.3333333333333333,9.552659387108136,0.0,1158.9427273140464,1.2701438153362945
SYNTHETIC_SCENARIO_ONLY,A-01256,29.613614596779975,8.346399714653828,164.6524134588492,1463.887280249689,0.3333333333333333,9.552659387108136,0.0,1158.9427273140464,1.2701438153362945
SYNTHETIC_SCENARIO_ONLY,A-01261,27.613614596779975,8.346399714653828,164.6524134588492,1463.887280249689,0.3333333333333333,9.552659387108136,0.0,1158.9427273140464,1.2701438153362945
SYNTHETIC_SCENARIO_ONLY,A-01262,27.613614596779975,8.346399714653828,164.6524134588492,1463.887280249689,0.3333333333333333,9.552659387108136,0.0,1158.9427273140464,1.2701438153362945
SYNTHETIC_SCENARIO_ONLY,A-01267,25.613614596779975,8.346399714653828,164.6524134588492,1463.887280249689,0.3333333333333333,9.552659387108136,0.0,1158.9427273140464,1.2701438153362945
SYNTHETIC_SCENARIO_ONLY,A-01268,25.613614596779975,8.346399714653828,164.6524134588492,1463.887280249689,0.3333333333333333,9.552659387108136,0.0,1158.9427273140464,1.2701438153362945
SYNTHETIC_SCENARIO_ONLY,A-01273,23.613614596779975,8.346399714653828,164.6524134588492,1463.887280249689,0.3333333333333333,9.552659387108136,0.0,1158.9427273140464,1.2701438153362945
SYNTHETIC_SCENARIO_ONLY,A-01274,23.613614596779975,8.346399714653828,164.6524134588492,1463.887280249689,0.3333333333333333,9.552659387108136,0.0,1158.9427273140464,1.2701438153362945
SYNTHETIC_SCENARIO_ONLY,A-01279,21.613614596779975,8.346399714653828,164.6524134588492,1463.887280249689,0.3333333333333333,9.552659387108136,0.0,1158.9427273140464,1.2701438153362945
SYNTHETIC_SCENARIO_ONLY,A-01280,21.613614596779975,8.346399714653828,164.6524134588492,1463.887280249689,0.3333333333333333,9.552659387108136,0.0,1158.9427273140464,1.2701438153362945
SYNTHETIC_SCENARIO_ONLY,A-01285,19.613614596779975,8.346399714653828,152.84917259609387,1463.887280249689,0.3333333333333333,9.552659387108136,0.0,1158.9427273140464,1.2701438153362945
SYNTHETIC_SCENARIO_ONLY,A-01286,19.613614596779975,8.346399714653828,152.84917259609387,1463.887280249689,0.3333333333333333,9.552659387108136,0.0,1158.9427273140464,1.2701438153362945
SYNTHETIC_SCENARIO_ONLY,A-01291,17.876433988353572,8.346399714653828,99.17074661467238,1463.887280249689,0.3333333333333333,9.552659387108136,0.0,1158.9427273140464,1.2701438153362945
SYNTHETIC_SCENARIO_ONLY,A-01292,17.876433988353572,8.346399714653828,99.17074661467238,1463.887280249689,0.3333333333333333,9.552659387108136,0.0,1158.9427273140464,1.2701438153362945
SYNTHETIC_SCENARIO_ONLY,A-01297,17.876433988353572,8.346399714653828,45.49232063325088,1463.887280249689,0.3333333333333333,9.552659387108136,0.0,1158.9427273140464,1.2701438153362945
SYNTHETIC_SCENARIO_ONLY,A-01298,17.876433988353572,8.346399714653828,45.49232063325088,1463.887280249689,0.3333333333333333,9.552659387108136,0.0,1158.9427273140464,1.2701438153362945
SYNTHETIC_SCENARIO_ONLY,A-01303,17.876433988353572,8.346399714653828,8.186105348170615,1463.887280249689,0.3333333333333333,9.552659387108136,0.0,1158.9427273140464,1.2701438153362945
SYNTHETIC_SCENARIO_ONLY,A-01304,17.876433988353572,8.346399714653828,8.186105348170615,1463.887280249689,0.3333333333333333,9.552659387108136,0.0,1158.9427273140464,1.2701438153362945
SYNTHETIC_SCENARIO_ONLY,A-01309,17.876433988353572,8.346399714653828,61.86453132959214,1463.887280249689,0.3333333333333333,9.552659387108136,0.0,1158.9427273140464,1.2701438153362945
SYNTHETIC_SCENARIO_ONLY,A-01310,17.876433988353572,8.346399714653828,61.86453132959214,1463.887280249689,0.3333333333333333,9.552659387108136,0.0,1158.9427273140464,1.2701438153362945
SYNTHETIC_SCENARIO_ONLY,A-01315,17.876433988353572,8.346399714653828,62.84735386630956,1463.887280249689,0.3333333333333333,9.552659387108136,0.0,1158.9427273140464,1.2701438153362945
SYNTHETIC_SCENARIO_ONLY,A-01316,17.876433988353572,8.346399714653828,62.84735386630956,1463.887280249689,0.3333333333333333,9.552659387108136,0.0,1158.9427273140464,1.2701438153362945
SYNTHETIC_SCENARIO_ONLY,A-01321,17.876433988353572,7.613614596779975,17.76572760501569,1463.887280249689,0.3333333333333333,9.552659387108136,0.0,1158.9427273140464,1.2701438153362945
SYNTHETIC_SCENARIO_ONLY,A-01322,17.876433988353572,7.613614596779975,17.76572760501569,1463.887280249689,0.3333333333333333,9.552659387108136,0.0,1158.9427273140464,1.2701438153362945
SYNTHETIC_SCENARIO_ONLY,A-01327,17.876433988353572,5.613614596779975,27.315898656278158,1463.887280249689,0.3333333333333333,9.552659387108136,0.0,1158.9427273140464,1.2701438153362945
SYNTHETIC_SCENARIO_ONLY,A-01328,17.876433988353572,5.613614596779975,27.315898656278158,1463.887280249689,0.3333333333333333,9.552659387108136,0.0,1158.9427273140464,1.2701438153362945
SYNTHETIC_SCENARIO_ONLY,A-01333,17.876433988353572,3.613614596779975,72.39752491757206,1463.887280249689,0.3333333333333333,9.552659387108136,0.0,1158.9427273140464,1.2701438153362945
SYNTHETIC_SCENARIO_ONLY,A-01334,17.876433988353572,3.613614596779975,72.39752491757206,1463.887280249689,0.3333333333333333,9.552659387108136,0.0,1158.9427273140464,1.2701438153362945
SYNTHETIC_SCENARIO_ONLY,A-01339,17.876433988353572,1.6136145967799749,117.47915117886592,1463.887280249689,0.3333333333333333,9.552659387108136,0.0,1158.9427273140464,1.2701438153362945
SYNTHETIC_SCENARIO_ONLY,A-01340,17.876433988353572,1.6136145967799749,117.47915117886592,1463.887280249689,0.3333333333333333,9.552659387108136,0.0,1158.9427273140464,1.2701438153362945
SYNTHETIC_SCENARIO_ONLY,A-01345,32.21567385440701,8.346399714653828,164.6524134588492,1463.887280249689,0.3333333333333333,9.552659387108136,0.0,1175.8003865276035,1.2508411937176112
SYNTHETIC_SCENARIO_ONLY,A-01346,32.21567385440701,8.346399714653828,164.6524134588492,1463.887280249689,0.3333333333333333,9.552659387108136,0.0,1175.8003865276035,1.2508411937176112
SYNTHETIC_SCENARIO_ONLY,A-01351,30.215673854407008,8.346399714653828,164.6524134588492,1463.887280249689,0.3333333333333333,9.552659387108136,0.0,1175.8003865276035,1.2508411937176112
SYNTHETIC_SCENARIO_ONLY,A-01352,30.215673854407008,8.346399714653828,164.6524134588492,1463.887280249689,0.3333333333333333,9.552659387108136,0.0,1175.8003865276035,1.2508411937176112
SYNTHETIC_SCENARIO_ONLY,A-01357,28.215673854407008,8.346399714653828,164.6524134588492,1463.887280249689,0.3333333333333333,9.552659387108136,0.0,1175.8003865276035,1.2508411937176112
SYNTHETIC_SCENARIO_ONLY,A-01358,28.215673854407008,8.346399714653828,164.6524134588492,1463.887280249689,0.3333333333333333,9.552659387108136,0.0,1175.8003865276035,1.2508411937176112
SYNTHETIC_SCENARIO_ONLY,A-01363,26.215673854407008,8.346399714653828,164.6524134588492,1463.887280249689,0.3333333333333333,9.552659387108136,0.0,1175.8003865276035,1.2508411937176112
SYNTHETIC_SCENARIO_ONLY,A-01364,26.215673854407008,8.346399714653828,164.6524134588492,1463.887280249689,0.3333333333333333,9.552659387108136,0.0,1175.8003865276035,1.2508411937176112
SYNTHETIC_SCENARIO_ONLY,A-01369,24.215673854407008,8.346399714653828,164.6524134588492,1463.887280249689,0.3333333333333333,9.552659387108136,0.0,1175.8003865276035,1.2508411937176112
SYNTHETIC_SCENARIO_ONLY,A-01370,24.215673854407008,8.346399714653828,164.6524134588492,1463.887280249689,0.3333333333333333,9.552659387108136,0.0,1175.8003865276035,1.2508411937176112
SYNTHETIC_SCENARIO_ONLY,A-01375,22.215673854407008,8.346399714653828,164.6524134588492,1463.887280249689,0.3333333333333333,9.552659387108136,0.0,1175.8003865276035,1.2508411937176112
SYNTHETIC_SCENARIO_ONLY,A-01376,22.215673854407008,8.346399714653828,164.6524134588492,1463.887280249689,0.3333333333333333,9.552659387108136,0.0,1175.8003865276035,1.2508411937176112
SYNTHETIC_SCENARIO_ONLY,A-01381,20.215673854407008,8.346399714653828,164.6524134588492,1463.887280249689,0.3333333333333333,9.552659387108136,0.0,1175.8003865276035,1.2508411937176112
SYNTHETIC_SCENARIO_ONLY,A-01382,20.215673854407008,8.346399714653828,164.6524134588492,1463.887280249689,0.3333333333333333,9.552659387108136,0.0,1175.8003865276035,1.2508411937176112
SYNTHETIC_SCENARIO_ONLY,A-01387,18.215673854407008,8.346399714653828,118.67562440510504,1463.887280249689,0.3333333333333333,9.552659387108136,0.0,1175.8003865276035,1.2508411937176112
SYNTHETIC_SCENARIO_ONLY,A-01388,18.215673854407008,8.346399714653828,118.67562440510504,1463.887280249689,0.3333333333333333,9.552659387108136,0.0,1175.8003865276035,1.2508411937176112
SYNTHETIC_SCENARIO_ONLY,A-01393,17.876433988353572,8.346399714653828,64.84569461990117,1463.887280249689,0.3333333333333333,9.552659387108136,0.0,1175.8003865276035,1.2508411937176112
SYNTHETIC_SCENARIO_ONLY,A-01394,17.876433988353572,8.346399714653828,64.84569461990117,1463.887280249689,0.3333333333333333,9.552659387108136,0.0,1175.8003865276035,1.2508411937176112
SYNTHETIC_SCENARIO_ONLY,A-01399,17.876433988353572,8.346399714653828,11.015764834697311,1463.887280249689,0.3333333333333333,9.552659387108136,0.0,1175.8003865276035,1.2508411937176112
SYNTHETIC_SCENARIO_ONLY,A-01400,17.876433988353572,8.346399714653828,11.015764834697311,1463.887280249689,0.3333333333333333,9.552659387108136,0.0,1175.8003865276035,1.2508411937176112
SYNTHETIC_SCENARIO_ONLY,A-01405,17.876433988353572,8.346399714653828,42.81416495050658,1463.887280249689,0.3333333333333333,9.552659387108136,0.0,1175.8003865276035,1.2508411937176112
SYNTHETIC_SCENARIO_ONLY,A-01406,17.876433988353572,8.346399714653828,42.81416495050658,1463.887280249689,0.3333333333333333,9.552659387108136,0.0,1175.8003865276035,1.2508411937176112
SYNTHETIC_SCENARIO_ONLY,A-01411,17.876433988353572,8.346399714653828,82.49560213189183,1463.887280249689,0.3333333333333333,9.552659387108136,0.0,1175.8003865276035,1.2508411937176112
SYNTHETIC_SCENARIO_ONLY,A-01412,17.876433988353572,8.346399714653828,82.49560213189183,1463.887280249689,0.3333333333333333,9.552659387108136,0.0,1175.8003865276035,1.2508411937176112
SYNTHETIC_SCENARIO_ONLY,A-01417,17.876433988353572,8.215673854407008,37.095452500300084,1463.887280249689,0.3333333333333333,9.552659387108136,0.0,1175.8003865276035,1.2508411937176112
SYNTHETIC_SCENARIO_ONLY,A-01418,17.876433988353572,8.215673854407008,37.095452500300084,1463.887280249689,0.3333333333333333,9.552659387108136,0.0,1175.8003865276035,1.2508411937176112
SYNTHETIC_SCENARIO_ONLY,A-01423,17.876433988353572,6.215673854407008,8.304697131291665,1463.887280249689,0.3333333333333333,9.552659387108136,0.0,1175.8003865276035,1.2508411937176112
SYNTHETIC_SCENARIO_ONLY,A-01424,17.876433988353572,6.215673854407008,8.304697131291665,1463.887280249689,0.3333333333333333,9.552659387108136,0.0,1175.8003865276035,1.2508411937176112
SYNTHETIC_SCENARIO_ONLY,A-01429,17.876433988353572,4.215673854407008,53.704846762883435,1463.887280249689,0.3333333333333333,9.552659387108136,0.0,1175.8003865276035,1.2508411937176112
SYNTHETIC_SCENARIO_ONLY,A-01430,17.876433988353572,4.215673854407008,53.704846762883435,1463.887280249689,0.3333333333333333,9.552659387108136,0.0,1175.8003865276035,1.2508411937176112
SYNTHETIC_SCENARIO_ONLY,A-01435,17.876433988353572,2.215673854407008,99.10499639447522,1463.887280249689,0.3333333333333333,9.552659387108136,0.0,1175.8003865276035,1.2508411937176112
SYNTHETIC_SCENARIO_ONLY,A-01436,17.876433988353572,2.215673854407008,99.10499639447522,1463.887280249689,0.3333333333333333,9.552659387108136,0.0,1175.8003865276035,1.2508411937176112
