time_s,smoke_radius_m,ship_cloud_distance_m,single_smoke_margin_m,fully_covered,t_b_s,t_m_s
-2.0,0.0,84.81,-164.81,0,0.0,9.0
-1.9775,0.0,84.63652499999999,-164.636525,0,0.0,9.0
-1.955,0.0,84.46305,-164.46305,0,0.0,9.0
-1.9325,0.0,84.28957500000001,-164.289575,0,0.0,9.0
-1.91,0.0,84.1161,-164.11610000000002,0,0.0,9.0
-1.8875,0.0,83.94262499999999,-163.942625,0,0.0,9.0
-1.865,0.0,83.76915,-163.76915,0,0.0,9.0
-1.8425,0.0,83.595675,-163.595675,0,0.0,9.0
-1.82,0.0,83.4222,-163.4222,0,0.0,9.0
-1.7975,0.0,83.248725,-163.24872499999998,0,0.0,9.0
-1.775,0.0,83.07525,-163.07524999999998,0,0.0,9.0
-1.7525,0.0,82.901775,-162.901775,0,0.0,9.0
-1.73,0.0,82.7283,-162.7283,0,0.0,9.0
-1.7075,0.0,82.554825,-162.554825,0,0.0,9.0
-1.685,0.0,82.38135,-162.38135,0,0.0,9.0
-1.6625,0.0,82.207875,-162.207875,0,0.0,9.0
-1.6400000000000001,0.0,82.0344,-162.0344,0,0.0,9.0
-1.6175,0.0,81.860925,-161.860925,0,0.0,9.0
-1.595,0.0,81.68745,-161.68745,0,0.0,9.0
-1.5725,0.0,81.513975,-161.51397500000002,0,0.0,9.0
-1.55,0.0,81.3405,-161.34050000000002,0,0.0,9.0
-1.5275,0.0,81.167025,-161.167025,0,0.0,9.0
-1.505,0.0,80.99355,-160.99355,0,0.0,9.0
-1.4825,0.0,80.820075,-160.820075,0,0.0,9.0
-1.46,0.0,80.6466,-160.6466,0,0.0,9.0
-1.4375,0.0,80.473125,-160.47312499999998,0,0.0,9.0
-1.415,0.0,80.29965,-160.29964999999999,0,0.0,9.0
-1.3925,0.0,80.126175,-160.126175,0,0.0,9.0
-1.37,0.0,79.95270000000001,-159.9527,0,0.0,9.0
-1.3475000000000001,0.0,79.779225,-159.779225,0,0.0,9.0
-1.3250000000000002,0.0,79.60575,-159.60575,0,0.0,9.0
-1.3025,0.0,79.432275,-159.432275,0,0.0,9.0
-1.28,0.0,79.2588,-159.2588,0,0.0,9.0
-1.2575,0.0,79.085325,-159.085325,0,0.0,9.0
-1.2349999999999999,0.0,78.91185,-158.91185000000002,0,0.0,9.0
-1.2125,0.0,78.738375,-158.73837500000002,0,0.0,9.0
-1.19,0.0,78.5649,-158.5649,0,0.0,9.0
-1.1675,0.0,78.391425,-158.391425,0,0.0,9.0
-1.145,0.0,78.21795,-158.21795,0,0.0,9.0
-1.1225,0.0,78.044475,-158.044475,0,0.0,9.0
-1.1,0.0,77.871,-157.87099999999998,0,0.0,9.0
-1.0775000000000001,0.0,77.697525,-157.69752499999998,0,0.0,9.0
-1.0550000000000002,0.0,77.52405,-157.52405,0,0.0,9.0
-1.0325000000000002,0.0,77.350575,-157.350575,0,0.0,9.0
-1.01,0.0,77.1771,-157.1771,0,0.0,9.0
-0.9875,0.0,77.003625,-157.003625,0,0.0,9.0
-0.9650000000000001,0.0,76.83015,-156.83015,0,0.0,9.0
-0.9425000000000001,0.0,76.656675,-156.656675,0,0.0,9.0
-0.9199999999999999,0.0,76.4832,-156.4832,0,0.0,9.0
-0.8975,0.0,76.309725,-156.30972500000001,0,0.0,9.0
-0.875,0.0,76.13625,-156.13625000000002,0,0.0,9.0
-0.8525,0.0,75.962775,-155.962775,0,0.0,9.0
-0.8300000000000001,0.0,75.7893,-155.7893,0,0.0,9.0
-0.8075000000000001,0.0,75.615825,-155.615825,0,0.0,9.0
-0.7850000000000001,0.0,75.44235,-155.44235,0,0.0,9.0
-0.7625,0.0,75.268875,-155.26887499999998,0,0.0,9.0
-0.74,0.0,75.0954,-155.09539999999998,0,0.0,9.0
-0.7175,0.0,74.921925,-154.921925,0,0.0,9.0
-0.6950000000000001,0.0,74.74845,-154.74845,0,0.0,9.0
-0.6725000000000001,0.0,74.574975,-154.574975,0,0.0,9.0
-0.6500000000000001,0.0,74.4015,-154.4015,0,0.0,9.0
-0.6275,0.0,74.228025,-154.228025,0,0.0,9.0
-0.605,0.0,74.05455,-154.05455,0,0.0,9.0
-0.5825,0.0,73.881075,-153.881075,0,0.0,9.0
-0.56,0.0,73.7076,-153.7076,0,0.0,9.0
-0.5375000000000001,0.0,73.534125,-153.53412500000002,0,0.0,9.0
-0.5150000000000001,0.0,73.36065,-153.36065000000002,0,0.0,9.0
-0.49250000000000016,0.0,73.187175,-153.187175,0,0.0,9.0
-0.47,0.0,73.0137,-153.0137,0,0.0,9.0
-0.4475,0.0,72.840225,-152.840225,0,0.0,9.0
-0.42500000000000004,0.0,72.66675000000001,-152.66675,0,0.0,9.0
-0.4025000000000001,0.0,72.493275,-152.49327499999998,0,0.0,9.0
-0.3800000000000001,0.0,72.3198,-152.3198,0,0.0,9.0
-0.35750000000000015,0.0,72.146325,-152.146325,0,0.0,9.0
-0.33499999999999996,0.0,71.97285000000001,-151.97285,0,0.0,9.0
-0.3125,0.0,71.799375,-151.799375,0,0.0,9.0
-0.29000000000000004,0.0,71.62589999999999,-151.6259,0,0.0,9.0
-0.26750000000000007,0.0,71.452425,-151.452425,0,0.0,9.0
-0.2450000000000001,0.0,71.27895000000001,-151.27895,0,0.0,9.0
-0.22250000000000014,0.0,71.105475,-151.105475,0,0.0,9.0
-0.20000000000000018,0.0,70.93199999999999,-150.932,0,0.0,9.0
-0.1775,0.0,70.758525,-150.75852500000002,0,0.0,9.0
-0.15500000000000003,0.0,70.58505,-150.58505,0,0.0,9.0
-0.13250000000000006,0.0,70.411575,-150.411575,0,0.0,9.0
-0.1100000000000001,0.0,70.23809999999999,-150.23809999999997,0,0.0,9.0
-0.08750000000000013,0.0,70.064625,-150.064625,0,0.0,9.0
-0.06500000000000017,0.0,69.89115,-149.89114999999998,0,0.0,9.0
-0.04249999999999998,0.0,69.717675,-149.71767499999999,0,0.0,9.0
-0.020000000000000018,0.0,69.54419999999999,-149.5442,0,0.0,9.0
0.0,120.0,69.39,-29.39,0,0.0,9.0
0.0024999999999999467,120.0,69.37072500000001,-29.370725000000007,0,0.0,9.0
0.02499999999999991,120.0,69.19725,-29.197249999999997,0,0.0,9.0
0.047499999999999876,120.0,69.023775,-29.023775,0,0.0,9.0
0.06999999999999984,120.0,68.8503,-28.850300000000004,0,0.0,9.0
0.0924999999999998,120.0,68.67682500000001,-28.676825000000008,0,0.0,9.0
0.11499999999999977,120.0,68.50335,-28.503349999999998,0,0.0,9.0
0.13749999999999973,120.0,68.329875,-28.329875,0,0.0,9.0
0.16000000000000014,120.0,68.1564,-28.156400000000005,0,0.0,9.0
0.1825000000000001,120.0,67.982925,-27.982924999999994,0,0.0,9.0
0.20500000000000007,120.0,67.80945,-27.80945,0,0.0,9.0
0.22750000000000004,120.0,67.635975,-27.635975000000002,0,0.0,9.0
0.25,120.0,67.4625,-27.462500000000006,0,0.0,9.0
0.27249999999999996,120.0,67.289025,-27.289024999999995,0,0.0,9.0
0.29499999999999993,120.0,67.11555,-27.11555,0,0.0,9.0
0.3174999999999999,120.0,66.942075,-26.942075000000003,0,0.0,9.0
0.33999999999999986,120.0,66.7686,-26.768600000000006,0,0.0,9.0
0.3624999999999998,120.0,66.595125,-26.595124999999996,0,0.0,9.0
0.3849999999999998,120.0,66.42165,-26.42165,0,0.0,9.0
0.40749999999999975,120.0,66.248175,-26.248175000000003,0,0.0,9.0
0.4299999999999997,120.0,66.0747,-26.074700000000007,0,0.0,9.0
0.4525000000000001,120.0,65.901225,-25.901224999999997,0,0.0,9.0
0.4750000000000001,120.0,65.72775,-25.72775,0,0.0,9.0
0.49750000000000005,120.0,65.55427499999999,-25.55427499999999,0,0.0,9.0
0.52,120.0,65.38080000000001,-25.380800000000008,0,0.0,9.0
0.5425,120.0,65.207325,-25.207324999999997,0,0.0,9.0
0.565,120.0,65.03385,-25.03385,0,0.0,9.0
0.5874999999999999,120.0,64.86037499999999,-24.86037499999999,0,0.0,9.0
0.6099999999999999,120.0,64.68690000000001,-24.68690000000001,0,0.0,9.0
0.6324999999999998,120.0,64.513425,-24.513424999999998,0,0.0,9.0
0.6549999999999998,120.0,64.33995,-24.33995,0,0.0,9.0
0.6774999999999998,120.0,64.16647499999999,-24.16647499999999,0,0.0,9.0
0.6999999999999997,120.0,63.993,-23.993000000000002,0,0.0,9.0
0.7224999999999997,120.0,63.819525,-23.819525,0,0.0,9.0
0.7450000000000001,120.0,63.646049999999995,-23.646049999999995,0,0.0,9.0
0.7675000000000001,120.0,63.472575,-23.472575,0,0.0,9.0
0.79,120.0,63.2991,-23.299100000000003,0,0.0,9.0
0.8125,120.0,63.125625,-23.125625,0,0.0,9.0
0.835,120.0,62.952149999999996,-22.952149999999996,0,0.0,9.0
0.8574999999999999,120.0,62.778675,-22.778675,0,0.0,9.0
0.8799999999999999,120.0,62.60520000000001,-22.60520000000001,0,0.0,9.0
0.9024999999999999,120.0,62.431725,-22.431725,0,0.0,9.0
0.9249999999999998,120.0,62.25825,-22.258249999999997,0,0.0,9.0
0.9474999999999998,120.0,62.084775,-22.084775,0,0.0,9.0
0.9699999999999998,120.0,61.91130000000001,-21.91130000000001,0,0.0,9.0
0.9924999999999997,120.0,61.737825,-21.737825,0,0.0,9.0
1.0149999999999997,120.0,61.564350000000005,-21.564350000000005,0,0.0,9.0
1.0375,120.0,61.390875,-21.390875,0,0.0,9.0
1.06,120.0,61.2174,-21.217399999999998,0,0.0,9.0
1.0825,120.0,61.043925,-21.043925,0,0.0,9.0
1.105,120.0,60.87045,-20.870449999999998,0,0.0,9.0
1.1275,120.0,60.696975,-20.696975000000002,0,0.0,9.0
1.15,120.0,60.5235,-20.5235,0,0.0,9.0
1.1724999999999999,120.0,60.350025,-20.350025000000002,0,0.0,9.0
1.1949999999999998,120.0,60.17655,-20.17655,0,0.0,9.0
1.2174999999999998,120.0,60.003075,-20.003075000000003,0,0.0,9.0
1.2399999999999998,120.0,59.8296,-19.8296,0,0.0,9.0
1.2624999999999997,120.0,59.656125,-19.656125000000003,0,0.0,9.0
1.2849999999999997,120.0,59.48265,-19.48265,0,0.0,9.0
1.3074999999999997,120.0,59.309175,-19.309175000000003,0,0.0,9.0
1.33,120.0,59.1357,-19.1357,0,0.0,9.0
1.3525,120.0,58.962225,-18.962224999999997,0,0.0,9.0
1.375,120.0,58.78875,-18.78875,0,0.0,9.0
1.3975,120.0,58.615275,-18.615274999999997,0,0.0,9.0
1.42,120.0,58.4418,-18.4418,0,0.0,9.0
1.4425,120.0,58.268325,-18.268324999999997,0,0.0,9.0
1.4649999999999999,120.0,58.09485,-18.09485,0,0.0,9.0
1.4874999999999998,120.0,57.921375,-17.921374999999998,0,0.0,9.0
1.5099999999999998,120.0,57.7479,-17.7479,0,0.0,9.0
1.5324999999999998,120.0,57.574425000000005,-17.574425000000005,0,0.0,9.0
1.5549999999999997,120.0,57.40095,-17.40095,0,0.0,9.0
1.5774999999999997,120.0,57.227475000000005,-17.227475000000005,0,0.0,9.0
1.5999999999999996,120.0,57.054,-17.054000000000002,0,0.0,9.0
1.6225,120.0,56.880525,-16.880525,0,0.0,9.0
1.645,120.0,56.70705,-16.707050000000002,0,0.0,9.0
1.6675,120.0,56.533575,-16.533575,0,0.0,9.0
1.69,120.0,56.3601,-16.360100000000003,0,0.0,9.0
1.7125,120.0,56.186625,-16.186625,0,0.0,9.0
1.7349999999999999,120.0,56.01315,-16.013150000000003,0,0.0,9.0
1.7574999999999998,120.0,55.839675,-15.839675,0,0.0,9.0
1.7799999999999998,120.0,55.6662,-15.666200000000003,0,0.0,9.0
1.8024999999999998,120.0,55.492725,-15.492725000000007,0,0.0,9.0
1.8249999999999997,120.0,55.319250000000004,-15.319250000000011,0,0.0,9.0
1.8474999999999997,120.0,55.145775,-15.145775,0,0.0,9.0
1.8699999999999997,120.0,54.972300000000004,-14.972300000000004,0,0.0,9.0
1.8925,120.0,54.798825,-14.798824999999994,0,0.0,9.0
1.915,120.0,54.62535,-14.625349999999997,0,0.0,9.0
1.9375,120.0,54.451875,-14.451875000000001,0,0.0,9.0
1.96,120.0,54.2784,-14.278400000000005,0,0.0,9.0
1.9825,120.0,54.104925,-14.104925000000009,0,0.0,9.0
2.005,120.0,53.93145,-13.931449999999998,0,0.0,9.0
2.0275,120.0,53.757975,-13.757975000000002,0,0.0,9.0
2.05,120.0,53.5845,-13.584499999999991,0,0.0,9.0
2.0725,120.0,53.411025,-13.411024999999995,0,0.0,9.0
2.0949999999999998,120.0,53.23755,-13.237549999999999,0,0.0,9.0
2.1174999999999997,120.0,53.064075,-13.064075000000003,0,0.0,9.0
2.1399999999999997,120.0,52.8906,-12.890600000000006,0,0.0,9.0
2.1624999999999996,120.0,52.717125,-12.71712500000001,0,0.0,9.0
2.1849999999999996,120.0,52.54365,-12.54365,0,0.0,9.0
2.2074999999999996,120.0,52.370175,-12.370175000000003,0,0.0,9.0
2.2299999999999995,120.0,52.1967,-12.196699999999993,0,0.0,9.0
2.2524999999999995,120.0,52.023225000000004,-12.023224999999996,0,0.0,9.0
2.2749999999999995,120.0,51.84975000000001,-11.84975,0,0.0,9.0
2.2974999999999994,120.0,51.676275000000004,-11.676275000000004,0,0.0,9.0
2.3200000000000003,120.0,51.5028,-11.502800000000008,0,0.0,9.0
2.3425000000000002,120.0,51.329325,-11.329324999999997,0,0.0,9.0
2.365,120.0,51.15585,-11.155850000000001,0,0.0,9.0
2.3875,120.0,50.982375,-10.98237499999999,0,0.0,9.0
2.41,120.0,50.8089,-10.808899999999994,0,0.0,9.0
2.4325,120.0,50.635425,-10.635424999999998,0,0.0,9.0
2.455,120.0,50.46195,-10.461950000000002,0,0.0,9.0
2.4775,120.0,50.288475,-10.288475000000005,0,0.0,9.0
2.5,120.0,50.115,-10.115000000000009,0,0.0,9.0
2.5225,120.0,49.941525,-9.941524999999999,0,0.0,9.0
2.545,120.0,49.76805,-9.768050000000002,0,0.0,9.0
2.5675,120.0,49.594575,-9.594574999999992,0,0.0,9.0
2.59,120.0,49.4211,-9.421099999999996,0,0.0,9.0
2.6125,120.0,49.247625,-9.247625,0,0.0,9.0
2.635,120.0,49.07415,-9.074150000000003,0,0.0,9.0
2.6574999999999998,120.0,48.900675,-8.900675000000007,0,0.0,9.0
2.6799999999999997,120.0,48.7272,-8.72720000000001,0,0.0,9.0
2.7024999999999997,120.0,48.553725,-8.553725,0,0.0,9.0
2.7249999999999996,120.0,48.380250000000004,-8.380250000000004,0,0.0,9.0
2.7474999999999996,120.0,48.206775,-8.206774999999993,0,0.0,9.0
2.7699999999999996,120.0,48.033300000000004,-8.033299999999997,0,0.0,9.0
2.7924999999999995,120.0,47.859825,-7.859825000000001,0,0.0,9.0
2.8149999999999995,120.0,47.686350000000004,-7.6863500000000045,0,0.0,9.0
2.8374999999999995,120.0,47.512875,-7.512875000000008,0,0.0,9.0
2.8599999999999994,120.0,47.339400000000005,-7.339400000000012,0,0.0,9.0
2.8824999999999994,120.0,47.165925,-7.165925000000001,0,0.0,9.0
2.9050000000000002,120.0,46.99245,-6.992449999999991,0,0.0,9.0
2.9275,120.0,46.818974999999995,-6.818974999999995,0,0.0,9.0
2.95,120.0,46.6455,-6.645499999999998,0,0.0,9.0
2.9725,120.0,46.472025,-6.472025000000002,0,0.0,9.0
2.995,120.0,46.29855,-6.298550000000006,0,0.0,9.0
3.0175,120.0,46.125075,-6.12507500000001,0,0.0,9.0
3.04,120.0,45.9516,-5.951599999999999,0,0.0,9.0
3.0625,120.0,45.778125,-5.778125000000003,0,0.0,9.0
3.085,120.0,45.60465,-5.604649999999992,0,0.0,9.0
3.1075,120.0,45.431175,-5.431174999999996,0,0.0,9.0
3.13,120.0,45.2577,-5.2577,0,0.0,9.0
3.1525,120.0,45.084225,-5.0842250000000035,0,0.0,9.0
3.175,120.0,44.91075,-4.910750000000007,0,0.0,9.0
3.1975,120.0,44.737275000000004,-4.737275000000011,0,0.0,9.0
3.2199999999999998,120.0,44.5638,-4.5638000000000005,0,0.0,9.0
3.2424999999999997,120.0,44.390325000000004,-4.390325000000004,0,0.0,9.0
3.2649999999999997,120.0,44.21685,-4.216849999999994,0,0.0,9.0
3.2874999999999996,120.0,44.043375000000005,-4.0433749999999975,0,0.0,9.0
3.3099999999999996,120.0,43.8699,-3.8699000000000012,0,0.0,9.0
3.3324999999999996,120.0,43.696425000000005,-3.696425000000005,0,0.0,9.0
3.3549999999999995,120.0,43.52295,-3.5229500000000087,0,0.0,9.0
3.3774999999999995,120.0,43.349475000000005,-3.3494750000000124,0,0.0,9.0
3.3999999999999995,120.0,43.176,-3.176000000000002,0,0.0,9.0
3.4224999999999994,120.0,43.002525000000006,-3.0025250000000057,0,0.0,9.0
3.4449999999999994,120.0,42.82905,-2.829049999999995,0,0.0,9.0
3.4674999999999994,120.0,42.655575000000006,-2.655574999999999,0,0.0,9.0
3.49,120.0,42.482099999999996,-2.4821000000000026,0,0.0,9.0
3.5125,120.0,42.308625,-2.3086250000000064,0,0.0,9.0
3.535,120.0,42.135149999999996,-2.135149999999996,0,0.0,9.0
3.5575,120.0,41.961675,-1.9616749999999996,0,0.0,9.0
3.58,120.0,41.788199999999996,-1.7881999999999891,0,0.0,9.0
3.6025,120.0,41.614725,-1.6147249999999929,0,0.0,9.0
3.625,120.0,41.44125,-1.4412499999999966,0,0.0,9.0
3.6475,120.0,41.267775,-1.2677750000000003,0,0.0,9.0
3.67,120.0,41.0943,-1.094300000000004,0,0.0,9.0
3.6925,120.0,40.920825,-0.9208250000000078,0,0.0,9.0
3.715,120.0,40.747350000000004,-0.7473500000000115,0,0.0,9.0
3.7375,120.0,40.573875,-0.573875000000001,0,0.0,9.0
3.76,120.0,40.400400000000005,-0.40040000000000475,0,0.0,9.0
3.7824999999999998,120.0,40.226925,-0.22692499999999427,0,0.0,9.0
3.8049999999999997,120.0,40.053450000000005,-0.053449999999998,0,0.0,9.0
3.8119325551232164,120.0,40.0,0.0,1,0.0,9.0
3.8274999999999997,120.0,39.879975,0.12002499999999827,1,0.0,9.0
3.8499999999999996,120.0,39.706500000000005,0.29349999999999454,1,0.0,9.0
3.8724999999999996,120.0,39.533025,0.4669749999999908,1,0.0,9.0
3.8949999999999996,120.0,39.359550000000006,0.6404499999999871,1,0.0,9.0
3.9174999999999995,120.0,39.186075,0.8139249999999976,1,0.0,9.0
3.9399999999999995,120.0,39.012600000000006,0.9873999999999938,1,0.0,9.0
3.9624999999999995,120.0,38.839125,1.1608750000000043,1,0.0,9.0
3.9849999999999994,120.0,38.66565000000001,1.3343500000000006,1,0.0,9.0
4.007499999999999,120.0,38.492175,1.5078249999999969,1,0.0,9.0
4.029999999999999,120.0,38.31870000000001,1.6812999999999931,1,0.0,9.0
4.0525,120.0,38.145224999999996,1.8547750000000036,1,0.0,9.0
4.075,120.0,37.97175,2.02825,1,0.0,9.0
4.0975,120.0,37.798275,2.2017250000000104,1,0.0,9.0
4.12,120.0,37.6248,2.3752000000000066,1,0.0,9.0
4.1425,120.0,37.451325,2.548675000000003,1,0.0,9.0
4.165,120.0,37.27785,2.722149999999999,1,0.0,9.0
4.1875,120.0,37.104375,2.8956249999999955,1,0.0,9.0
4.21,120.0,36.9309,3.0690999999999917,1,0.0,9.0
4.2325,120.0,36.757425,3.242575000000002,1,0.0,9.0
4.255,120.0,36.58395,3.4160499999999985,1,0.0,9.0
4.2775,120.0,36.410475,3.589525000000009,1,0.0,9.0
4.3,120.0,36.237,3.7630000000000052,1,0.0,9.0
4.3225,120.0,36.063525,3.9364750000000015,1,0.0,9.0
4.345,120.0,35.89005,4.109949999999998,1,0.0,9.0
4.3675,120.0,35.716575,4.283424999999994,1,0.0,9.0
4.39,120.0,35.5431,4.45689999999999,1,0.0,9.0
4.4125,120.0,35.369625,4.630375000000001,1,0.0,9.0
4.435,120.0,35.19615,4.803849999999997,1,0.0,9.0
4.4575,120.0,35.02267500000001,4.977324999999993,1,0.0,9.0
4.4799999999999995,120.0,34.8492,5.150800000000004,1,0.0,9.0
4.5024999999999995,120.0,34.67572500000001,5.324275,1,0.0,9.0
4.5249999999999995,120.0,34.502250000000004,5.497749999999996,1,0.0,9.0
4.547499999999999,120.0,34.32877500000001,5.671224999999993,1,0.0,9.0
4.569999999999999,120.0,34.155300000000004,5.844699999999989,1,0.0,9.0
4.592499999999999,120.0,33.98182500000001,6.018174999999985,1,0.0,9.0
4.614999999999999,120.0,33.808350000000004,6.191649999999996,1,0.0,9.0
4.6375,120.0,33.634875,6.365125000000006,1,0.0,9.0
4.66,120.0,33.4614,6.538600000000002,1,0.0,9.0
4.6825,120.0,33.287925,6.712074999999999,1,0.0,9.0
4.705,120.0,33.11445,6.885549999999995,1,0.0,9.0
4.7275,120.0,32.940975,7.059024999999991,1,0.0,9.0
4.75,120.0,32.7675,7.232500000000002,1,0.0,9.0
4.7725,120.0,32.594025,7.405974999999998,1,0.0,9.0
4.795,120.0,32.42055,7.5794500000000085,1,0.0,9.0
4.8175,120.0,32.247075,7.752925000000005,1,0.0,9.0
4.84,120.0,32.0736,7.926400000000001,1,0.0,9.0
4.8625,120.0,31.900125000000003,8.099874999999997,1,0.0,9.0
4.885,120.0,31.726650000000003,8.273349999999994,1,0.0,9.0
4.9075,120.0,31.553175000000003,8.44682499999999,1,0.0,9.0
4.93,120.0,31.379700000000003,8.6203,1,0.0,9.0
4.9525,120.0,31.206225000000003,8.793774999999997,1,0.0,9.0
4.975,120.0,31.032750000000004,8.967249999999993,1,0.0,9.0
4.9975,120.0,30.859275000000004,9.140725000000003,1,0.0,9.0
5.02,120.0,30.685800000000004,9.3142,1,0.0,9.0
5.0424999999999995,120.0,30.512325000000004,9.487674999999996,1,0.0,9.0
5.0649999999999995,120.0,30.338850000000004,9.661149999999992,1,0.0,9.0
5.0874999999999995,120.0,30.165375000000004,9.834624999999988,1,0.0,9.0
5.109999999999999,120.0,29.991900000000005,10.008099999999999,1,0.0,9.0
5.132499999999999,120.0,29.818425000000005,10.181574999999995,1,0.0,9.0
5.154999999999999,120.0,29.644950000000005,10.355049999999991,1,0.0,9.0
5.177499999999999,120.0,29.471475000000005,10.528525000000002,1,0.0,9.0
5.199999999999999,120.0,29.298000000000005,10.701999999999998,1,0.0,9.0
5.2225,120.0,29.124525,10.875474999999994,1,0.0,9.0
5.245,120.0,28.95105,11.048950000000005,1,0.0,9.0
5.2675,120.0,28.777575,11.222425000000001,1,0.0,9.0
5.29,120.0,28.6041,11.395899999999997,1,0.0,9.0
5.3125,120.0,28.430625,11.569375000000008,1,0.0,9.0
5.335,120.0,28.25715,11.742850000000004,1,0.0,9.0
5.3575,120.0,28.083675,11.916325,1,0.0,9.0
5.38,120.0,27.9102,12.089799999999997,1,0.0,9.0
5.4025,120.0,27.736725,12.263274999999993,1,0.0,9.0
5.425,120.0,27.56325,12.436750000000004,1,0.0,9.0
5.4475,120.0,27.389775,12.610225,1,0.0,9.0
5.47,120.0,27.2163,12.783699999999996,1,0.0,9.0
5.4925,120.0,27.042825,12.957175000000007,1,0.0,9.0
5.515,120.0,26.86935,13.130650000000003,1,0.0,9.0
5.5375,120.0,26.695875,13.304124999999999,1,0.0,9.0
5.56,120.0,26.522400000000005,13.477599999999995,1,0.0,9.0
5.5825,120.0,26.348925000000005,13.651074999999992,1,0.0,9.0
5.6049999999999995,120.0,26.175450000000005,13.824549999999988,1,0.0,9.0
5.6274999999999995,120.0,26.001975000000005,13.998024999999998,1,0.0,9.0
5.6499999999999995,120.0,25.828500000000005,14.171499999999995,1,0.0,9.0
5.672499999999999,120.0,25.655025000000006,14.344974999999991,1,0.0,9.0
5.694999999999999,120.0,25.481550000000006,14.518450000000001,1,0.0,9.0
5.717499999999999,120.0,25.308075000000006,14.691924999999998,1,0.0,9.0
5.739999999999999,120.0,25.134600000000006,14.865399999999994,1,0.0,9.0
5.762499999999999,120.0,24.961125000000006,15.03887499999999,1,0.0,9.0
5.785,120.0,24.78765,15.21235,1,0.0,9.0
5.8075,120.0,24.614175,15.385824999999997,1,0.0,9.0
5.83,120.0,24.4407,15.559300000000007,1,0.0,9.0
5.8525,120.0,24.267225,15.732775000000004,1,0.0,9.0
5.875,120.0,24.09375,15.90625,1,0.0,9.0
5.8975,120.0,23.920275,16.079724999999996,1,0.0,9.0
5.92,120.0,23.7468,16.253199999999993,1,0.0,9.0
5.9425,120.0,23.573325,16.426675000000003,1,0.0,9.0
5.965,120.0,23.39985,16.60015,1,0.0,9.0
5.9875,120.0,23.226375,16.773624999999996,1,0.0,9.0
6.01,120.0,23.0529,16.947100000000006,1,0.0,9.0
6.032499999999999,120.0,22.87942500000001,17.120574999999988,1,0.0,9.0
6.055,120.0,22.70595,17.29405,1,0.0,9.0
6.077500000000001,120.0,22.532474999999994,17.46752500000001,1,0.0,9.0
6.1,120.0,22.359,17.64099999999999,1,0.0,9.0
6.1225000000000005,120.0,22.185524999999995,17.814475,1,0.0,9.0
6.145,120.0,22.012050000000002,17.987949999999998,1,0.0,9.0
6.1675,120.0,21.838574999999995,18.16142500000001,1,0.0,9.0
6.1899999999999995,120.0,21.665100000000002,18.334900000000005,1,0.0,9.0
6.2125,120.0,21.491624999999996,18.508375,1,0.0,9.0
6.234999999999999,120.0,21.318150000000003,18.681849999999997,1,0.0,9.0
6.2575,120.0,21.144675,18.855324999999993,1,0.0,9.0
6.279999999999999,120.0,20.971200000000003,19.02879999999999,1,0.0,9.0
6.3025,120.0,20.797725,19.202275,1,0.0,9.0
6.324999999999999,120.0,20.624250000000007,19.375749999999996,1,0.0,9.0
6.3475,120.0,20.450775,19.549225000000007,1,0.0,9.0
6.369999999999999,120.0,20.277300000000007,19.72269999999999,1,0.0,9.0
6.3925,120.0,20.103825,19.896175,1,0.0,9.0
6.414999999999999,120.0,19.930350000000008,20.069649999999996,1,0.0,9.0
6.4375,120.0,19.756875,20.243124999999992,1,0.0,9.0
6.459999999999999,120.0,19.583400000000008,20.41659999999999,1,0.0,9.0
6.4825,120.0,19.409925,20.590075,1,0.0,9.0
6.504999999999999,120.0,19.23645000000001,20.763549999999995,1,0.0,9.0
6.5275,120.0,19.062975,20.937025000000006,1,0.0,9.0
6.549999999999999,120.0,18.88950000000001,21.110499999999988,1,0.0,9.0
6.5725,120.0,18.716025000000002,21.283974999999998,1,0.0,9.0
6.594999999999999,120.0,18.54255000000001,21.457449999999994,1,0.0,9.0
6.6175,120.0,18.369075000000002,21.63092499999999,1,0.0,9.0
6.640000000000001,120.0,18.195599999999995,21.8044,1,0.0,9.0
6.6625,120.0,18.022125000000003,21.977874999999997,1,0.0,9.0
6.6850000000000005,120.0,17.848649999999996,22.151350000000008,1,0.0,9.0
6.7075,120.0,17.675175000000003,22.324825000000004,1,0.0,9.0
6.73,120.0,17.501699999999996,22.4983,1,0.0,9.0
6.7524999999999995,120.0,17.328225000000003,22.671774999999997,1,0.0,9.0
6.775,120.0,17.154749999999996,22.845250000000007,1,0.0,9.0
6.797499999999999,120.0,16.981275000000004,23.01872499999999,1,0.0,9.0
6.82,120.0,16.807799999999997,23.1922,1,0.0,9.0
6.842499999999999,120.0,16.634325000000004,23.365674999999996,1,0.0,9.0
6.865,120.0,16.460849999999997,23.539150000000006,1,0.0,9.0
6.887499999999999,120.0,16.287375000000004,23.712625000000003,1,0.0,9.0
6.91,120.0,16.113899999999997,23.8861,1,0.0,9.0
6.932499999999999,120.0,15.940425000000007,24.059574999999995,1,0.0,9.0
6.955,120.0,15.76695,24.233050000000006,1,0.0,9.0
6.977499999999999,120.0,15.593475000000007,24.406524999999988,1,0.0,9.0
7.0,120.0,15.42,24.58,1,0.0,9.0
7.022499999999999,120.0,15.246525000000007,24.753474999999995,1,0.0,9.0
7.045,120.0,15.07305,24.926950000000005,1,0.0,9.0
7.067499999999999,120.0,14.899575000000008,25.100424999999987,1,0.0,9.0
7.09,120.0,14.7261,25.273899999999998,1,0.0,9.0
7.112499999999999,120.0,14.552625000000008,25.447374999999994,1,0.0,9.0
7.135,120.0,14.379150000000001,25.620850000000004,1,0.0,9.0
7.157499999999999,120.0,14.205675000000008,25.794324999999986,1,0.0,9.0
7.18,120.0,14.032200000000001,25.967799999999997,1,0.0,9.0
7.202499999999999,120.0,13.858725000000009,26.141274999999993,1,0.0,9.0
7.225,120.0,13.685250000000003,26.314750000000004,1,0.0,9.0
7.2475000000000005,120.0,13.511774999999997,26.488225,1,0.0,9.0
7.27,120.0,13.338300000000004,26.661699999999996,1,0.0,9.0
7.2925,120.0,13.164824999999997,26.835175000000007,1,0.0,9.0
7.3149999999999995,120.0,12.991350000000004,27.00864999999999,1,0.0,9.0
7.3375,120.0,12.817874999999997,27.182125,1,0.0,9.0
7.359999999999999,120.0,12.644400000000005,27.355599999999995,1,0.0,9.0
7.3825,120.0,12.470924999999998,27.529075000000006,1,0.0,9.0
7.404999999999999,120.0,12.297450000000005,27.702550000000002,1,0.0,9.0
7.4275,120.0,12.123974999999998,27.876025,1,0.0,9.0
7.449999999999999,120.0,11.950500000000005,28.049499999999995,1,0.0,9.0
7.4725,120.0,11.777024999999998,28.222975000000005,1,0.0,9.0
7.494999999999999,120.0,11.603550000000006,28.396449999999987,1,0.0,9.0
7.5175,120.0,11.430074999999999,28.569924999999998,1,0.0,9.0
7.539999999999999,120.0,11.256600000000006,28.743399999999994,1,0.0,9.0
7.5625,120.0,11.083125,28.916875000000005,1,0.0,9.0
7.584999999999999,120.0,10.909650000000006,29.09035,1,0.0,9.0
7.6075,120.0,10.736175000000001,29.263824999999997,1,0.0,9.0
7.629999999999999,120.0,10.562700000000008,29.437299999999993,1,0.0,9.0
7.6525,120.0,10.389225000000001,29.610775000000004,1,0.0,9.0
7.674999999999999,120.0,10.215750000000009,29.784249999999986,1,0.0,9.0
7.6975,120.0,10.042275000000002,29.957724999999996,1,0.0,9.0
7.719999999999999,120.0,9.86880000000001,30.131199999999993,1,0.0,9.0
7.7425,120.0,9.695325000000002,30.304675000000003,1,0.0,9.0
7.764999999999999,120.0,9.52185000000001,30.478149999999985,1,0.0,9.0
7.7875,120.0,9.348375000000003,30.651624999999996,1,0.0,9.0
7.8100000000000005,120.0,9.174899999999996,30.825100000000006,1,0.0,9.0
7.8325,120.0,9.001425000000003,30.998575000000002,1,0.0,9.0
7.855,120.0,8.827949999999996,31.17205,1,0.0,9.0
7.8774999999999995,120.0,8.654475000000003,31.345524999999995,1,0.0,9.0
7.9,120.0,8.480999999999998,31.519000000000005,1,0.0,9.0
7.922499999999999,120.0,8.307525000000004,31.692475,1,0.0,9.0
7.945,120.0,8.134049999999998,31.865949999999998,1,0.0,9.0
7.967499999999999,120.0,7.960575000000005,32.039424999999994,1,0.0,9.0
7.99,120.0,7.787099999999998,32.212900000000005,1,0.0,9.0
8.0125,120.0,7.613625000000005,32.386375,1,0.0,9.0
8.035,120.0,7.440149999999999,32.55985,1,0.0,9.0
8.0575,120.0,7.266675000000006,32.733324999999994,1,0.0,9.0
8.08,120.0,7.0931999999999995,32.906800000000004,1,0.0,9.0
8.1025,120.0,6.919725000000007,33.080275,1,0.0,9.0
8.125,120.0,6.74625,33.25375,1,0.0,9.0
8.147499999999999,120.0,6.572775000000007,33.42722499999999,1,0.0,9.0
8.17,120.0,6.3993,33.6007,1,0.0,9.0
8.192499999999999,120.0,6.2258250000000075,33.774174999999985,1,0.0,9.0
8.215,120.0,6.0523500000000015,33.947649999999996,1,0.0,9.0
8.237499999999999,120.0,5.878875000000008,34.12112499999999,1,0.0,9.0
8.26,120.0,5.705400000000002,34.2946,1,0.0,9.0
8.282499999999999,120.0,5.531925000000009,34.468074999999985,1,0.0,9.0
8.305,120.0,5.358450000000002,34.641549999999995,1,0.0,9.0
8.327499999999999,120.0,5.184975000000009,34.81502499999999,1,0.0,9.0
8.35,120.0,5.0115000000000025,34.9885,1,0.0,9.0
8.3725,120.0,4.8380249999999965,35.161975,1,0.0,9.0
8.395,120.0,4.664550000000003,35.335449999999994,1,0.0,9.0
8.4175,120.0,4.491074999999997,35.508925000000005,1,0.0,9.0
8.44,120.0,4.317600000000004,35.6824,1,0.0,9.0
8.4625,120.0,4.144124999999997,35.855875,1,0.0,9.0
8.485,120.0,3.9706500000000045,36.029349999999994,1,0.0,9.0
8.5075,120.0,3.797174999999998,36.202825000000004,1,0.0,9.0
8.53,120.0,3.623700000000005,36.3763,1,0.0,9.0
8.5525,120.0,3.4502249999999983,36.549775,1,0.0,9.0
8.575,120.0,3.2767500000000056,36.72324999999999,1,0.0,9.0
8.5975,120.0,3.1032749999999987,36.896725,1,0.0,9.0
8.62,120.0,2.929800000000006,37.0702,1,0.0,9.0
8.6425,120.0,2.7563249999999995,37.243674999999996,1,0.0,9.0
8.665,120.0,2.5828500000000068,37.41714999999999,1,0.0,9.0
8.6875,120.0,2.409375,37.590625,1,0.0,9.0
8.709999999999999,120.0,2.235900000000007,37.7641,1,0.0,9.0
8.7325,120.0,2.0624250000000006,37.937574999999995,1,0.0,9.0
8.754999999999999,120.0,1.8889500000000077,38.11104999999999,1,0.0,9.0
8.7775,120.0,1.7154750000000012,38.284525,1,0.0,9.0
8.799999999999999,120.0,1.5420000000000083,38.458,1,0.0,9.0
8.8225,120.0,1.3685250000000015,38.631474999999995,1,0.0,9.0
8.844999999999999,120.0,1.1950500000000088,38.80494999999999,1,0.0,9.0
8.8675,120.0,1.0215750000000021,38.978425,1,0.0,9.0
8.889999999999999,120.0,0.8481000000000093,39.1519,1,0.0,9.0
8.9125,120.0,0.6746250000000027,39.325374999999994,1,0.0,9.0
8.934999999999999,120.0,0.5011500000000099,39.49884999999999,1,0.0,9.0
8.9575,120.0,0.32767500000000327,39.672325,1,0.0,9.0
8.98,120.0,0.1541999999999967,39.8458,1,0.0,9.0
9.0,120.0,0.0,40.0,1,0.0,9.0
9.0025,120.0,0.019274999999996167,39.98072500000001,1,0.0,9.0
9.025,120.0,0.19275000000000272,39.807249999999996,1,0.0,9.0
9.0475,120.0,0.36622499999999564,39.633775,1,0.0,9.0
9.07,120.0,0.5397000000000022,39.460300000000004,1,0.0,9.0
9.0925,120.0,0.7131749999999951,39.28682500000001,1,0.0,9.0
9.115,120.0,0.8866500000000016,39.11335,1,0.0,9.0
9.1375,120.0,1.0601249999999944,38.939875,1,0.0,9.0
9.16,120.0,1.2336000000000011,38.766400000000004,1,0.0,9.0
9.1825,120.0,1.4070749999999939,38.59292500000001,1,0.0,9.0
9.205,120.0,1.5805500000000006,38.41945,1,0.0,9.0
9.2275,120.0,1.7540249999999935,38.245975,1,0.0,9.0
9.25,120.0,1.9275,38.072500000000005,1,0.0,9.0
9.272499999999999,120.0,2.100974999999993,37.89902500000001,1,0.0,9.0
9.295,120.0,2.2744499999999994,37.72555,1,0.0,9.0
9.317499999999999,120.0,2.447924999999992,37.552075,1,0.0,9.0
9.34,120.0,2.621399999999999,37.378600000000006,1,0.0,9.0
9.362499999999999,120.0,2.794874999999992,37.20512500000001,1,0.0,9.0
9.385,120.0,2.9683499999999983,37.03165,1,0.0,9.0
9.407499999999999,120.0,3.1418249999999914,36.858175,1,0.0,9.0
9.43,120.0,3.315299999999998,36.68470000000001,1,0.0,9.0
9.452499999999999,120.0,3.4887749999999906,36.51122500000001,1,0.0,9.0
9.475,120.0,3.662249999999997,36.33775,1,0.0,9.0
9.497499999999999,120.0,3.8357249999999903,36.164275,1,0.0,9.0
9.52,120.0,4.009199999999996,35.99080000000001,1,0.0,9.0
9.5425,120.0,4.182675000000003,35.817325,1,0.0,9.0
9.565,120.0,4.356149999999996,35.64385,1,0.0,9.0
9.5875,120.0,4.529625000000003,35.47037499999999,1,0.0,9.0
9.61,120.0,4.703099999999996,35.29690000000001,1,0.0,9.0
9.6325,120.0,4.8765750000000025,35.123425,1,0.0,9.0
9.655,120.0,5.050049999999995,34.94995,1,0.0,9.0
9.6775,120.0,5.223525000000001,34.776475000000005,1,0.0,9.0
9.7,120.0,5.396999999999995,34.60300000000001,1,0.0,9.0
9.7225,120.0,5.570475000000001,34.429525,1,0.0,9.0
9.745,120.0,5.743949999999994,34.25605,1,0.0,9.0
9.7675,120.0,5.917425000000001,34.082575000000006,1,0.0,9.0
9.79,120.0,6.090899999999993,33.90910000000001,1,0.0,9.0
9.8125,120.0,6.264375,33.735625,1,0.0,9.0
9.834999999999999,120.0,6.437849999999993,33.56215,1,0.0,9.0
9.8575,120.0,6.611324999999999,33.388675000000006,1,0.0,9.0
9.879999999999999,120.0,6.784799999999993,33.21520000000001,1,0.0,9.0
9.9025,120.0,6.958274999999999,33.041725,1,0.0,9.0
9.924999999999999,120.0,7.131749999999991,32.86825,1,0.0,9.0
9.9475,120.0,7.305224999999998,32.69477500000001,1,0.0,9.0
9.969999999999999,120.0,7.478699999999991,32.52130000000001,1,0.0,9.0
9.9925,120.0,7.652174999999998,32.347825,1,0.0,9.0
10.014999999999999,120.0,7.825649999999991,32.174350000000004,1,0.0,9.0
10.0375,120.0,7.999124999999998,32.00087500000001,1,0.0,9.0
10.059999999999999,120.0,8.17259999999999,31.82740000000001,1,0.0,9.0
10.0825,120.0,8.346074999999997,31.653925,1,0.0,9.0
10.105,120.0,8.519550000000002,31.48044999999999,1,0.0,9.0
10.1275,120.0,8.693024999999997,31.30697500000001,1,0.0,9.0
10.15,120.0,8.866500000000002,31.133499999999998,1,0.0,9.0
10.1725,120.0,9.039974999999995,30.960025,1,0.0,9.0
10.195,120.0,9.213450000000002,30.786550000000005,1,0.0,9.0
10.2175,120.0,9.386924999999994,30.61307500000001,1,0.0,9.0
10.24,120.0,9.560400000000001,30.4396,1,0.0,9.0
10.2625,120.0,9.733874999999994,30.266125000000002,1,0.0,9.0
10.285,120.0,9.907350000000001,30.092649999999992,1,0.0,9.0
10.3075,120.0,10.080824999999994,29.91917500000001,1,0.0,9.0
10.33,120.0,10.2543,29.7457,1,0.0,9.0
10.3525,120.0,10.427774999999993,29.572225000000003,1,0.0,9.0
10.375,120.0,10.60125,29.398750000000007,1,0.0,9.0
10.397499999999999,120.0,10.774724999999993,29.22527500000001,1,0.0,9.0
10.42,120.0,10.9482,29.0518,1,0.0,9.0
10.442499999999999,120.0,11.121674999999993,28.878325000000004,1,0.0,9.0
10.465,120.0,11.29515,28.704849999999993,1,0.0,9.0
10.487499999999999,120.0,11.468624999999992,28.53137500000001,1,0.0,9.0
10.51,120.0,11.642099999999997,28.3579,1,0.0,9.0
10.532499999999999,120.0,11.815574999999992,28.184425000000005,1,0.0,9.0
10.555,120.0,11.989049999999997,28.01095000000001,1,0.0,9.0
10.577499999999999,120.0,12.16252499999999,27.837475000000012,1,0.0,9.0
10.6,120.0,12.335999999999997,27.664,1,0.0,9.0
10.622499999999999,120.0,12.50947499999999,27.490525000000005,1,0.0,9.0
10.645,120.0,12.682949999999996,27.31705000000001,1,0.0,9.0
10.667499999999999,120.0,12.856424999999989,27.143575000000013,1,0.0,9.0
10.69,120.0,13.029899999999996,26.970100000000002,1,0.0,9.0
10.7125,120.0,13.203375000000003,26.79662499999999,1,0.0,9.0
10.735,120.0,13.376849999999996,26.62315000000001,1,0.0,9.0
10.7575,120.0,13.550325000000003,26.449675,1,0.0,9.0
10.78,120.0,13.723799999999995,26.276200000000003,1,0.0,9.0
10.8025,120.0,13.897275000000002,26.102724999999992,1,0.0,9.0
10.825,120.0,14.070749999999995,25.92925000000001,1,0.0,9.0
10.8475,120.0,14.244225000000002,25.755775,1,0.0,9.0
10.87,120.0,14.417699999999995,25.582300000000004,1,0.0,9.0
10.8925,120.0,14.591175,25.408825000000007,1,0.0,9.0
10.915,120.0,14.764649999999993,25.23535000000001,1,0.0,9.0
10.9375,120.0,14.938125,25.061875,1,0.0,9.0
10.959999999999999,120.0,15.111599999999992,24.888400000000004,1,0.0,9.0
10.9825,120.0,15.285074999999999,24.714924999999994,1,0.0,9.0
11.004999999999999,120.0,15.458549999999992,24.54145000000001,1,0.0,9.0
11.0275,120.0,15.632024999999999,24.367975,1,0.0,9.0
11.049999999999999,120.0,15.805499999999991,24.194500000000005,1,0.0,9.0
11.0725,120.0,15.978974999999998,24.02102500000001,1,0.0,9.0
11.094999999999999,120.0,16.15244999999999,23.847550000000012,1,0.0,9.0
11.1175,120.0,16.325924999999998,23.674075000000002,1,0.0,9.0
11.139999999999999,120.0,16.49939999999999,23.500600000000006,1,0.0,9.0
11.1625,120.0,16.672874999999998,23.327124999999995,1,0.0,9.0
11.184999999999999,120.0,16.84634999999999,23.153650000000013,1,0.0,9.0
11.2075,120.0,17.019824999999997,22.980175000000003,1,0.0,9.0
11.229999999999999,120.0,17.19329999999999,22.806700000000006,1,0.0,9.0
11.2525,120.0,17.366774999999997,22.63322500000001,1,0.0,9.0
11.275,120.0,17.540250000000004,22.45975,1,0.0,9.0
11.2975,120.0,17.713724999999997,22.286275000000003,1,0.0,9.0
11.32,120.0,17.887200000000004,22.112799999999993,1,0.0,9.0
11.3425,120.0,18.060674999999996,21.939324999999997,1,0.0,9.0
11.365,120.0,18.234150000000003,21.76585,1,0.0,9.0
11.3875,120.0,18.407624999999996,21.592375000000004,1,0.0,9.0
11.41,120.0,18.5811,21.418900000000008,1,0.0,9.0
11.4325,120.0,18.754574999999996,21.24542500000001,1,0.0,9.0
11.455,120.0,18.92805,21.07195,1,0.0,9.0
11.4775,120.0,19.10152499999999,20.898475000000005,1,0.0,9.0
11.5,120.0,19.275,20.724999999999994,1,0.0,9.0
11.522499999999999,120.0,19.44847499999999,20.551525000000012,1,0.0,9.0
11.545,120.0,19.62195,20.37805,1,0.0,9.0
11.567499999999999,120.0,19.79542499999999,20.204575000000006,1,0.0,9.0
11.59,120.0,19.968899999999998,20.03110000000001,1,0.0,9.0
11.612499999999999,120.0,20.14237499999999,19.857625000000013,1,0.0,9.0
11.635,120.0,20.315849999999998,19.684150000000002,1,0.0,9.0
11.657499999999999,120.0,20.48932499999999,19.510675000000006,1,0.0,9.0
11.68,120.0,20.662799999999997,19.337199999999996,1,0.0,9.0
11.702499999999999,120.0,20.83627499999999,19.163725000000014,1,0.0,9.0
11.725,120.0,21.009749999999997,18.990250000000003,1,0.0,9.0
11.747499999999999,120.0,21.18322499999999,18.816775000000007,1,0.0,9.0
11.77,120.0,21.356699999999996,18.64330000000001,1,0.0,9.0
11.792499999999999,120.0,21.53017499999999,18.469825000000014,1,0.0,9.0
11.815,120.0,21.703649999999996,18.296350000000004,1,0.0,9.0
11.8375,120.0,21.877125000000003,18.122874999999993,1,0.0,9.0
11.86,120.0,22.050599999999996,17.949399999999997,1,0.0,9.0
11.8825,120.0,22.224075000000003,17.775925,1,0.0,9.0
11.905,120.0,22.397549999999995,17.602450000000005,1,0.0,9.0
11.9275,120.0,22.571025000000002,17.428974999999994,1,0.0,9.0
11.95,120.0,22.744499999999995,17.255500000000012,1,0.0,9.0
11.9725,120.0,22.917975000000002,17.082025,1,0.0,9.0
11.995,120.0,23.091449999999995,16.908550000000005,1,0.0,9.0
12.0175,120.0,23.264925,16.735074999999995,1,0.0,9.0
12.04,120.0,23.438399999999994,16.5616,1,0.0,9.0
12.0625,120.0,23.611875,16.388125000000002,1,0.0,9.0
12.084999999999999,120.0,23.785349999999994,16.214650000000006,1,0.0,9.0
12.1075,120.0,23.958825,16.041174999999996,1,0.0,9.0
12.129999999999999,120.0,24.132299999999994,15.867700000000013,1,0.0,9.0
12.1525,120.0,24.305774999999997,15.694225000000003,1,0.0,9.0
12.174999999999999,120.0,24.479249999999993,15.520750000000007,1,0.0,9.0
12.1975,120.0,24.652724999999997,15.347274999999996,1,0.0,9.0
12.219999999999999,120.0,24.82619999999999,15.173800000000014,1,0.0,9.0
12.2425,120.0,24.999674999999996,15.000325000000004,1,0.0,9.0
12.264999999999999,120.0,25.17314999999999,14.826850000000007,1,0.0,9.0
12.2875,120.0,25.346624999999996,14.653375000000011,1,0.0,9.0
12.309999999999999,120.0,25.52009999999999,14.479900000000015,1,0.0,9.0
12.3325,120.0,25.693574999999996,14.306425000000004,1,0.0,9.0
12.354999999999999,120.0,25.86704999999999,14.132950000000008,1,0.0,9.0
12.3775,120.0,26.040524999999995,13.959474999999998,1,0.0,9.0
12.399999999999999,120.0,26.213999999999988,13.786000000000016,1,0.0,9.0
12.4225,120.0,26.387474999999995,13.612525000000005,1,0.0,9.0
12.445,120.0,26.560950000000002,13.439049999999995,1,0.0,9.0
12.4675,120.0,26.734424999999995,13.265575000000013,1,0.0,9.0
12.49,120.0,26.9079,13.092100000000002,1,0.0,9.0
12.5125,120.0,27.081374999999994,12.918625000000006,1,0.0,9.0
12.535,120.0,27.25485,12.745149999999995,1,0.0,9.0
12.5575,120.0,27.428324999999994,12.571674999999999,1,0.0,9.0
12.58,120.0,27.6018,12.398200000000003,1,0.0,9.0
12.6025,120.0,27.775274999999993,12.224725000000007,1,0.0,9.0
12.625,120.0,27.94875,12.051249999999996,1,0.0,9.0
12.647499999999999,120.0,28.122224999999993,11.877775000000014,1,0.0,9.0
12.67,120.0,28.2957,11.704300000000003,1,0.0,9.0
12.692499999999999,120.0,28.469174999999993,11.530825000000007,1,0.0,9.0
12.715,120.0,28.64265,11.357349999999997,1,0.0,9.0
12.737499999999999,120.0,28.816124999999992,11.183875,1,0.0,9.0
12.76,120.0,28.9896,11.010400000000004,1,0.0,9.0
12.782499999999999,120.0,29.163074999999992,10.836925000000008,1,0.0,9.0
12.805,120.0,29.33655,10.663449999999997,1,0.0,9.0
12.827499999999999,120.0,29.51002499999999,10.489975000000015,1,0.0,9.0
12.85,120.0,29.6835,10.316500000000005,1,0.0,9.0
12.872499999999999,120.0,29.85697499999999,10.143025000000009,1,0.0,9.0
12.895,120.0,30.03045,9.969549999999998,1,0.0,9.0
12.917499999999999,120.0,30.20392499999999,9.796075000000002,1,0.0,9.0
12.94,120.0,30.377399999999994,9.622600000000006,1,0.0,9.0
12.962499999999999,120.0,30.55087499999999,9.44912500000001,1,0.0,9.0
12.985,120.0,30.724349999999994,9.275650000000013,1,0.0,9.0
13.0075,120.0,30.897825,9.102175000000003,1,0.0,9.0
13.03,120.0,31.071299999999994,8.928700000000006,1,0.0,9.0
13.0525,120.0,31.244775,8.755224999999996,1,0.0,9.0
13.075,120.0,31.418249999999993,8.58175,1,0.0,9.0
13.0975,120.0,31.591725,8.408275000000003,1,0.0,9.0
13.12,120.0,31.765199999999993,8.234800000000007,1,0.0,9.0
13.1425,120.0,31.938675,8.061324999999997,1,0.0,9.0
13.165,120.0,32.11214999999999,7.8878500000000145,1,0.0,9.0
13.1875,120.0,32.285625,7.71437499999999,1,0.0,9.0
13.209999999999999,120.0,32.45909999999999,7.540900000000008,1,0.0,9.0
13.2325,120.0,32.632575,7.367424999999997,1,0.0,9.0
13.254999999999999,120.0,32.80604999999999,7.193950000000001,1,0.0,9.0
13.2775,120.0,32.979524999999995,7.020475000000005,1,0.0,9.0
13.299999999999999,120.0,33.15299999999999,6.847000000000008,1,0.0,9.0
13.3225,120.0,33.326474999999995,6.673525000000012,1,0.0,9.0
13.344999999999999,120.0,33.49994999999999,6.500050000000016,1,0.0,9.0
13.3675,120.0,33.673424999999995,6.326575000000005,1,0.0,9.0
13.389999999999999,120.0,33.84689999999999,6.153100000000009,1,0.0,9.0
13.4125,120.0,34.020374999999994,5.979624999999999,1,0.0,9.0
13.434999999999999,120.0,34.19384999999999,5.806150000000002,1,0.0,9.0
13.4575,120.0,34.367324999999994,5.632675000000006,1,0.0,9.0
13.479999999999999,120.0,34.54079999999999,5.45920000000001,1,0.0,9.0
13.5025,120.0,34.714274999999994,5.2857250000000136,1,0.0,9.0
13.524999999999999,120.0,34.88774999999999,5.112250000000017,1,0.0,9.0
13.5475,120.0,35.06122499999999,4.938775000000007,1,0.0,9.0
13.57,120.0,35.234700000000004,4.765299999999996,1,0.0,9.0
13.5925,120.0,35.40817499999999,4.591825,1,0.0,9.0
13.615,120.0,35.58165,4.418350000000004,1,0.0,9.0
13.6375,120.0,35.75512499999999,4.2448750000000075,1,0.0,9.0
13.66,120.0,35.9286,4.071399999999997,1,0.0,9.0
13.6825,120.0,36.10207499999999,3.897925000000015,1,0.0,9.0
13.705,120.0,36.27555,3.7244499999999903,1,0.0,9.0
13.7275,120.0,36.44902499999999,3.550975000000008,1,0.0,9.0
13.75,120.0,36.6225,3.3774999999999977,1,0.0,9.0
13.772499999999999,120.0,36.79597499999999,3.2040250000000015,1,0.0,9.0
13.795,120.0,36.96945,3.030550000000005,1,0.0,9.0
13.817499999999999,120.0,37.14292499999999,2.857075000000009,1,0.0,9.0
13.84,120.0,37.3164,2.6835999999999984,1,0.0,9.0
13.862499999999999,120.0,37.48987499999999,2.5101250000000164,1,0.0,9.0
13.885,120.0,37.66335,2.3366499999999917,1,0.0,9.0
13.907499999999999,120.0,37.83682499999999,2.1631750000000096,1,0.0,9.0
13.93,120.0,38.0103,1.9896999999999991,1,0.0,9.0
13.952499999999999,120.0,38.18377499999999,1.8162250000000029,1,0.0,9.0
13.975,120.0,38.35725,1.6427500000000066,1,0.0,9.0
13.997499999999999,120.0,38.53072499999999,1.4692750000000103,1,0.0,9.0
14.02,120.0,38.70419999999999,1.295800000000014,1,0.0,9.0
14.0425,120.0,38.877675,1.1223249999999894,1,0.0,9.0
14.064999999999998,120.0,39.051149999999986,0.9488500000000215,1,0.0,9.0
14.087499999999999,120.0,39.22462499999999,0.775375000000011,1,0.0,9.0
14.11,120.0,39.39809999999999,0.6019000000000005,1,0.0,9.0
14.1325,120.0,39.571575,0.4284250000000043,1,0.0,9.0
14.155000000000001,120.0,39.745050000000006,0.2549499999999938,1,0.0,9.0
14.177499999999998,120.0,39.91852499999999,0.08147500000001173,1,0.0,9.0
14.188067444876783,120.0,39.99999999999999,0.0,1,0.0,9.0
14.2,120.0,40.09199999999999,-0.09199999999998454,0,0.0,9.0
14.2225,120.0,40.265475,-0.26547500000000923,0,0.0,9.0
14.245000000000001,120.0,40.438950000000006,-0.4389500000000055,0,0.0,9.0
14.267499999999998,120.0,40.61242499999999,-0.6124249999999876,0,0.0,9.0
14.29,120.0,40.78589999999999,-0.785899999999998,0,0.0,9.0
14.3125,120.0,40.959375,-0.9593749999999943,0,0.0,9.0
14.335,120.0,41.132850000000005,-1.1328500000000048,0,0.0,9.0
14.357499999999998,120.0,41.30632499999999,-1.3063249999999869,0,0.0,9.0
14.379999999999999,120.0,41.47979999999999,-1.4797999999999831,0,0.0,9.0
14.4025,120.0,41.653275,-1.6532750000000078,0,0.0,9.0
14.425,120.0,41.826750000000004,-1.826750000000004,0,0.0,9.0
14.447499999999998,120.0,42.000224999999986,-2.000224999999986,0,0.0,9.0
14.469999999999999,120.0,42.17369999999999,-2.1736999999999966,0,0.0,9.0
14.4925,120.0,42.347175,-2.347174999999993,0,0.0,9.0
14.515,120.0,42.52065,-2.5206500000000034,0,0.0,9.0
14.537499999999998,120.0,42.694124999999985,-2.6941249999999854,0,0.0,9.0
14.559999999999999,120.0,42.86759999999999,-2.8675999999999817,0,0.0,9.0
14.5825,120.0,43.041075,-3.0410750000000064,0,0.0,9.0
14.605,120.0,43.21455,-3.2145500000000027,0,0.0,9.0
14.627499999999998,120.0,43.388024999999985,-3.3880249999999847,0,0.0,9.0
14.649999999999999,120.0,43.56149999999999,-3.5614999999999952,0,0.0,9.0
14.6725,120.0,43.734975,-3.7349749999999915,0,0.0,9.0
14.695,120.0,43.90845,-3.908450000000002,0,0.0,9.0
14.717500000000001,120.0,44.081925000000005,-4.0819250000000125,0,0.0,9.0
14.739999999999998,120.0,44.25539999999999,-4.25539999999998,0,0.0,9.0
14.7625,120.0,44.42887499999999,-4.428874999999991,0,0.0,9.0
14.785,120.0,44.60235,-4.602350000000001,0,0.0,9.0
14.807500000000001,120.0,44.775825000000005,-4.7758249999999975,0,0.0,9.0
14.829999999999998,120.0,44.94929999999999,-4.949299999999994,0,0.0,9.0
14.8525,120.0,45.12277499999999,-5.12277499999999,0,0.0,9.0
14.875,120.0,45.29625,-5.296250000000001,0,0.0,9.0
14.8975,120.0,45.469725000000004,-5.469725000000011,0,0.0,9.0
14.919999999999998,120.0,45.643199999999986,-5.643199999999979,0,0.0,9.0
14.942499999999999,120.0,45.81667499999999,-5.816674999999989,0,0.0,9.0
14.965,120.0,45.99015,-5.99015,0,0.0,9.0
14.9875,120.0,46.163625,-6.163624999999996,0,0.0,9.0
15.009999999999998,120.0,46.337099999999985,-6.337099999999992,0,0.0,9.0
15.032499999999999,120.0,46.51057499999999,-6.510574999999989,0,0.0,9.0
15.055,120.0,46.68405,-6.684049999999999,0,0.0,9.0
15.0775,120.0,46.857525,-6.85752500000001,0,0.0,9.0
15.099999999999998,120.0,47.030999999999985,-7.0309999999999775,0,0.0,9.0
15.122499999999999,120.0,47.20447499999999,-7.204474999999988,0,0.0,9.0
15.145,120.0,47.37795,-7.3779499999999985,0,0.0,9.0
15.1675,120.0,47.551425,-7.551424999999995,0,0.0,9.0
15.189999999999998,120.0,47.724899999999984,-7.724899999999991,0,0.0,9.0
15.212499999999999,120.0,47.89837499999999,-7.898374999999987,0,0.0,9.0
15.235,120.0,48.07185,-8.071849999999998,0,0.0,9.0
15.2575,120.0,48.245325,-8.245325000000008,0,0.0,9.0
15.280000000000001,120.0,48.41880000000001,-8.418800000000005,0,0.0,9.0
15.302499999999998,120.0,48.59227499999999,-8.592274999999987,0,0.0,9.0
15.325,120.0,48.76575,-8.765749999999997,0,0.0,9.0
15.3475,120.0,48.939225,-8.939224999999993,0,0.0,9.0
15.370000000000001,120.0,49.11270000000001,-9.112700000000018,0,0.0,9.0
15.392499999999998,120.0,49.286174999999986,-9.286174999999986,0,0.0,9.0
15.415,120.0,49.459649999999996,-9.459649999999996,0,0.0,9.0
15.4375,120.0,49.633125,-9.633125000000007,0,0.0,9.0
15.46,120.0,49.8066,-9.806600000000003,0,0.0,9.0
15.482499999999998,120.0,49.980074999999985,-9.980074999999985,0,0.0,9.0
15.504999999999999,120.0,50.153549999999996,-10.153549999999996,0,0.0,9.0
15.5275,120.0,50.327025,-10.327024999999992,0,0.0,9.0
15.55,120.0,50.5005,-10.500500000000002,0,0.0,9.0
15.572499999999998,120.0,50.673974999999984,-10.673974999999984,0,0.0,9.0
15.594999999999999,120.0,50.84744999999999,-10.84744999999998,0,0.0,9.0
15.6175,120.0,51.020925,-11.020925000000005,0,0.0,9.0
15.64,120.0,51.1944,-11.194400000000002,0,0.0,9.0
15.662499999999998,120.0,51.367874999999984,-11.367874999999984,0,0.0,9.0
15.684999999999999,120.0,51.54134999999999,-11.541349999999994,0,0.0,9.0
15.7075,120.0,51.714825,-11.71482499999999,0,0.0,9.0
15.73,120.0,51.8883,-11.888300000000001,0,0.0,9.0
15.752499999999998,120.0,52.06177499999998,-12.061774999999983,0,0.0,9.0
15.774999999999999,120.0,52.235249999999986,-12.23524999999998,0,0.0,9.0
15.7975,120.0,52.408725,-12.408725000000004,0,0.0,9.0
15.82,120.0,52.5822,-12.5822,0,0.0,9.0
15.842499999999998,120.0,52.75567499999998,-12.755674999999982,0,0.0,9.0
15.864999999999998,120.0,52.929149999999986,-12.929149999999993,0,0.0,9.0
15.8875,120.0,53.102624999999996,-13.102624999999989,0,0.0,9.0
15.91,120.0,53.2761,-13.2761,0,0.0,9.0
15.932500000000001,120.0,53.44957500000001,-13.44957500000001,0,0.0,9.0
15.954999999999998,120.0,53.623049999999985,-13.623049999999978,0,0.0,9.0
15.9775,120.0,53.796524999999995,-13.796525000000003,0,0.0,9.0
16.0,120.0,53.97,-13.969999999999999,0,0.0,9.0
16.0225,120.0,54.14347500000001,-14.14347500000001,0,0.0,9.0
16.044999999999998,120.0,54.316949999999984,-14.316949999999991,0,0.0,9.0
16.0675,120.0,54.490424999999995,-14.490424999999988,0,0.0,9.0
16.09,120.0,54.6639,-14.663899999999998,0,0.0,9.0
16.1125,120.0,54.83737500000001,-14.837375000000009,0,0.0,9.0
16.134999999999998,120.0,55.010849999999984,-15.010849999999976,0,0.0,9.0
16.1575,120.0,55.184324999999994,-15.184325000000001,0,0.0,9.0
16.18,120.0,55.3578,-15.357799999999997,0,0.0,9.0
16.2025,120.0,55.531275,-15.531274999999994,0,0.0,9.0
16.224999999999998,120.0,55.70474999999998,-15.70474999999999,0,0.0,9.0
16.2475,120.0,55.87822499999999,-15.878224999999986,0,0.0,9.0
16.27,120.0,56.0517,-16.051699999999997,0,0.0,9.0
16.2925,120.0,56.225175,-16.225175,0,0.0,9.0
16.314999999999998,120.0,56.39864999999998,-16.398649999999982,0,0.0,9.0
16.3375,120.0,56.572124999999986,-16.572124999999986,0,0.0,9.0
16.36,120.0,56.745599999999996,-16.745599999999996,0,0.0,9.0
16.3825,120.0,56.919075,-16.919075,0,0.0,9.0
16.404999999999998,120.0,57.09254999999998,-17.09254999999998,0,0.0,9.0
16.4275,120.0,57.266024999999985,-17.266024999999985,0,0.0,9.0
16.45,120.0,57.439499999999995,-17.439499999999995,0,0.0,9.0
16.4725,120.0,57.612975,-17.612975,0,0.0,9.0
16.495,120.0,57.78645000000001,-17.78645000000001,0,0.0,9.0
16.5175,120.0,57.959924999999984,-17.959924999999984,0,0.0,9.0
16.54,120.0,58.133399999999995,-18.133399999999995,0,0.0,9.0
16.5625,120.0,58.306875,-18.306874999999998,0,0.0,9.0
16.585,120.0,58.48035000000001,-18.48035000000001,0,0.0,9.0
16.607499999999998,120.0,58.65382499999998,-18.653824999999983,0,0.0,9.0
16.63,120.0,58.827299999999994,-18.827299999999994,0,0.0,9.0
16.6525,120.0,59.000775,-19.000774999999997,0,0.0,9.0
16.675,120.0,59.17425000000001,-19.174250000000008,0,0.0,9.0
16.697499999999998,120.0,59.34772499999998,-19.347724999999983,0,0.0,9.0
16.72,120.0,59.52119999999999,-19.521199999999993,0,0.0,9.0
16.7425,120.0,59.694675,-19.694674999999997,0,0.0,9.0
16.765,120.0,59.86815000000001,-19.868150000000007,0,0.0,9.0
16.787499999999998,120.0,60.04162499999998,-20.041624999999982,0,0.0,9.0
16.81,120.0,60.21509999999999,-20.215099999999993,0,0.0,9.0
16.8325,120.0,60.388574999999996,-20.388574999999996,0,0.0,9.0
16.855,120.0,60.562050000000006,-20.562050000000006,0,0.0,9.0
16.877499999999998,120.0,60.73552499999998,-20.73552499999998,0,0.0,9.0
16.9,120.0,60.90899999999999,-20.908999999999992,0,0.0,9.0
16.9225,120.0,61.082474999999995,-21.082474999999995,0,0.0,9.0
16.945,120.0,61.25595,-21.25595,0,0.0,9.0
16.967499999999998,120.0,61.42942499999998,-21.42942499999998,0,0.0,9.0
16.99,120.0,61.60289999999999,-21.60289999999999,0,0.0,9.0
17.0125,120.0,61.776374999999994,-21.776374999999994,0,0.0,9.0
17.035,120.0,61.94985,-21.949849999999998,0,0.0,9.0
17.0575,120.0,62.12332500000001,-22.12332500000001,0,0.0,9.0
17.08,120.0,62.29679999999998,-22.296799999999983,0,0.0,9.0
17.1025,120.0,62.470274999999994,-22.470274999999994,0,0.0,9.0
17.125,120.0,62.64375,-22.643749999999997,0,0.0,9.0
17.1475,120.0,62.81722500000001,-22.817225000000008,0,0.0,9.0
17.169999999999998,120.0,62.99069999999998,-22.990699999999983,0,0.0,9.0
17.1925,120.0,63.16417499999999,-23.164174999999993,0,0.0,9.0
17.215,120.0,63.33765,-23.337649999999996,0,0.0,9.0
17.2375,120.0,63.51112500000001,-23.511125000000007,0,0.0,9.0
17.259999999999998,120.0,63.68459999999998,-23.684599999999982,0,0.0,9.0
17.2825,120.0,63.85807499999999,-23.858074999999992,0,0.0,9.0
17.305,120.0,64.03155,-24.031549999999996,0,0.0,9.0
17.3275,120.0,64.205025,-24.205025000000006,0,0.0,9.0
17.349999999999998,120.0,64.37849999999999,-24.37849999999999,0,0.0,9.0
17.3725,120.0,64.55197499999998,-24.551974999999985,0,0.0,9.0
17.395,120.0,64.72545,-24.725449999999995,0,0.0,9.0
17.4175,120.0,64.898925,-24.898925000000006,0,0.0,9.0
17.439999999999998,120.0,65.07239999999999,-25.072399999999988,0,0.0,9.0
17.4625,120.0,65.24587499999998,-25.245874999999984,0,0.0,9.0
17.485,120.0,65.41935,-25.419349999999994,0,0.0,9.0
17.5075,120.0,65.592825,-25.592825000000005,0,0.0,9.0
17.529999999999998,120.0,65.76629999999999,-25.766299999999987,0,0.0,9.0
17.5525,120.0,65.93977499999998,-25.939774999999983,0,0.0,9.0
17.575,120.0,66.11325,-26.113249999999994,0,0.0,9.0
17.5975,120.0,66.286725,-26.286725000000004,0,0.0,9.0
17.62,120.0,66.4602,-26.4602,0,0.0,9.0
17.6425,120.0,66.63367499999998,-26.633674999999982,0,0.0,9.0
17.665,120.0,66.80715,-26.807149999999993,0,0.0,9.0
17.6875,120.0,66.980625,-26.980625000000003,0,0.0,9.0
17.71,120.0,67.1541,-27.1541,0,0.0,9.0
17.732499999999998,120.0,67.32757499999998,-27.32757499999998,0,0.0,9.0
17.755,120.0,67.50104999999999,-27.501049999999992,0,0.0,9.0
17.7775,120.0,67.674525,-27.674525000000003,0,0.0,9.0
17.8,120.0,67.848,-27.848,0,0.0,9.0
17.822499999999998,120.0,68.02147499999998,-28.02147499999998,0,0.0,9.0
17.845,120.0,68.19494999999999,-28.19494999999999,0,0.0,9.0
17.8675,120.0,68.368425,-28.368425000000002,0,0.0,9.0
17.89,120.0,68.5419,-28.5419,0,0.0,9.0
17.912499999999998,120.0,68.71537499999998,-28.71537499999998,0,0.0,9.0
17.935,120.0,68.88884999999999,-28.88884999999999,0,0.0,9.0
17.9575,120.0,69.062325,-29.062325,0,0.0,9.0
17.98,120.0,69.2358,-29.235799999999998,0,0.0,9.0
18.0,120.0,69.39,-29.39,0,0.0,9.0
18.002499999999998,119.94000000000005,69.40927499999998,-29.469274999999925,0,0.0,9.0
18.025,119.40000000000005,69.58274999999999,-30.182749999999942,0,0.0,9.0
18.0475,118.86000000000001,69.756225,-30.896224999999987,0,0.0,9.0
18.07,118.31999999999998,69.9297,-31.609700000000018,0,0.0,9.0
18.092499999999998,117.78000000000006,70.10317499999998,-32.32317499999992,0,0.0,9.0
18.115,117.24000000000004,70.27664999999999,-33.03664999999995,0,0.0,9.0
18.1375,116.70000000000002,70.450125,-33.75012499999998,0,0.0,9.0
18.16,116.16,70.6236,-34.4636,0,0.0,9.0
18.1825,115.61999999999998,70.797075,-35.17707500000003,0,0.0,9.0
18.205,115.08000000000004,70.97054999999999,-35.89054999999995,0,0.0,9.0
18.2275,114.54,71.144025,-36.60402499999999,0,0.0,9.0
18.25,114.0,71.3175,-37.317499999999995,0,0.0,9.0
18.2725,113.46,71.490975,-38.03097500000001,0,0.0,9.0
18.294999999999998,112.92000000000004,71.66444999999999,-38.744449999999944,0,0.0,9.0
18.3175,112.38000000000002,71.837925,-39.457924999999975,0,0.0,9.0
18.34,111.84,72.0114,-40.17139999999999,0,0.0,9.0
18.3625,111.29999999999998,72.184875,-40.88487500000002,0,0.0,9.0
18.384999999999998,110.76000000000003,72.35834999999999,-41.598349999999954,0,0.0,9.0
18.4075,110.22000000000003,72.531825,-42.31182499999997,0,0.0,9.0
18.43,109.68000000000002,72.7053,-43.02529999999997,0,0.0,9.0
18.4525,109.13999999999999,72.878775,-43.73877500000002,0,0.0,9.0
18.474999999999998,108.60000000000005,73.05224999999999,-44.452249999999935,0,0.0,9.0
18.4975,108.06000000000003,73.22572499999998,-45.16572499999995,0,0.0,9.0
18.52,107.52000000000001,73.3992,-45.87919999999998,0,0.0,9.0
18.5425,106.97999999999999,73.572675,-46.592675000000014,0,0.0,9.0
18.564999999999998,106.44000000000005,73.74614999999999,-47.30614999999993,0,0.0,9.0
18.5875,105.90000000000005,73.91962499999998,-48.019624999999934,0,0.0,9.0
18.61,105.36000000000001,74.09309999999999,-48.73309999999998,0,0.0,9.0
18.6325,104.81999999999998,74.266575,-49.446575000000024,0,0.0,9.0
18.654999999999998,104.28000000000006,74.44004999999999,-50.16004999999993,0,0.0,9.0
18.6775,103.74000000000004,74.61352499999998,-50.873524999999944,0,0.0,9.0
18.7,103.20000000000002,74.78699999999999,-51.586999999999975,0,0.0,9.0
18.7225,102.66,74.960475,-52.300475000000006,0,0.0,9.0
18.745,102.11999999999998,75.13395000000001,-53.01395000000004,0,0.0,9.0
18.7675,101.58000000000004,75.30742499999998,-53.72742499999994,0,0.0,9.0
18.79,101.04000000000002,75.48089999999999,-54.44089999999997,0,0.0,9.0
18.8125,100.5,75.654375,-55.154375,0,0.0,9.0
18.835,99.95999999999998,75.82785000000001,-55.86785000000003,0,0.0,9.0
18.857499999999998,99.42000000000004,76.00132499999998,-56.581324999999936,0,0.0,9.0
18.88,98.88000000000002,76.17479999999999,-57.29479999999997,0,0.0,9.0
18.9025,98.34,76.348275,-58.008275,0,0.0,9.0
18.925,97.79999999999998,76.52175000000001,-58.72175000000003,0,0.0,9.0
18.947499999999998,97.26000000000005,76.69522499999998,-59.43522499999993,0,0.0,9.0
18.97,96.72000000000003,76.86869999999999,-60.14869999999996,0,0.0,9.0
18.9925,96.18,77.042175,-60.86217499999999,0,0.0,9.0
19.015,95.63999999999999,77.21565000000001,-61.575650000000024,0,0.0,9.0
19.037499999999998,95.10000000000005,77.38912499999998,-62.28912499999993,0,0.0,9.0
19.06,94.56000000000003,77.56259999999999,-63.00259999999996,0,0.0,9.0
19.0825,94.02000000000001,77.736075,-63.71607499999999,0,0.0,9.0
19.105,93.47999999999999,77.90955,-64.42955,0,0.0,9.0
19.127499999999998,92.94000000000005,78.08302499999998,-65.14302499999992,0,0.0,9.0
19.15,92.40000000000003,78.25649999999999,-65.85649999999995,0,0.0,9.0
19.1725,91.86000000000001,78.429975,-66.56997499999999,0,0.0,9.0
19.195,91.32,78.60345,-67.28345,0,0.0,9.0
19.217499999999998,90.78000000000006,78.77692499999998,-67.99692499999992,0,0.0,9.0
19.24,90.24000000000004,78.95039999999999,-68.71039999999995,0,0.0,9.0
19.2625,89.70000000000002,79.123875,-69.42387499999998,0,0.0,9.0
19.285,89.16,79.29735,-70.13735,0,0.0,9.0
19.307499999999997,88.62000000000006,79.47082499999998,-70.85082499999992,0,0.0,9.0
19.33,88.08000000000004,79.64429999999999,-71.56429999999995,0,0.0,9.0
19.3525,87.54000000000002,79.817775,-72.27777499999998,0,0.0,9.0
19.375,87.0,79.99125,-72.99125,0,0.0,9.0
19.3975,86.45999999999998,80.164725,-73.70472500000002,0,0.0,9.0
19.419999999999998,85.92000000000004,80.33819999999999,-74.41819999999994,0,0.0,9.0
19.4425,85.38000000000002,80.511675,-75.13167499999997,0,0.0,9.0
19.465,84.84,80.68515,-75.84514999999999,0,0.0,9.0
19.4875,84.29999999999998,80.858625,-76.55862500000002,0,0.0,9.0
19.509999999999998,83.76000000000005,81.03209999999999,-77.27209999999994,0,0.0,9.0
19.5325,83.22000000000003,81.205575,-77.98557499999997,0,0.0,9.0
19.555,82.68,81.37904999999999,-78.69904999999999,0,0.0,9.0
19.5775,82.13999999999999,81.552525,-79.41252500000002,0,0.0,9.0
19.599999999999998,81.60000000000005,81.72599999999998,-80.12599999999993,0,0.0,9.0
19.6225,81.06000000000003,81.899475,-80.83947499999996,0,0.0,9.0
19.645,80.52000000000001,82.07294999999999,-81.55294999999998,0,0.0,9.0
19.6675,79.97999999999999,82.246425,-82.26642500000001,0,0.0,9.0
19.689999999999998,79.44000000000005,82.41989999999998,-82.97989999999993,0,0.0,9.0
19.7125,78.90000000000003,82.593375,-83.69337499999996,0,0.0,9.0
19.735,78.36000000000001,82.76684999999999,-84.40684999999998,0,0.0,9.0
19.7575,77.82,82.940325,-85.12032500000001,0,0.0,9.0
19.779999999999998,77.28000000000006,83.11379999999998,-85.83379999999993,0,0.0,9.0
19.8025,76.74000000000004,83.287275,-86.54727499999996,0,0.0,9.0
19.825,76.20000000000002,83.46074999999999,-87.26074999999997,0,0.0,9.0
19.8475,75.66,83.634225,-87.974225,0,0.0,9.0
19.869999999999997,75.12000000000006,83.80769999999998,-88.68769999999992,0,0.0,9.0
19.8925,74.58000000000004,83.981175,-89.40117499999995,0,0.0,9.0
19.915,74.04000000000002,84.15464999999999,-90.11464999999997,0,0.0,9.0
19.9375,73.5,84.328125,-90.828125,0,0.0,9.0
19.96,72.95999999999998,84.50160000000001,-91.54160000000003,0,0.0,9.0
19.982499999999998,72.42000000000004,84.67507499999998,-92.25507499999993,0,0.0,9.0
20.005,71.88000000000002,84.84854999999999,-92.96854999999996,0,0.0,9.0
20.0275,71.34,85.022025,-93.682025,0,0.0,9.0
20.05,70.79999999999998,85.19550000000001,-94.39550000000003,0,0.0,9.0
20.072499999999998,70.26000000000005,85.36897499999998,-95.10897499999993,0,0.0,9.0
20.095,69.72000000000003,85.54244999999999,-95.82244999999996,0,0.0,9.0
20.1175,69.18,85.715925,-96.53592499999999,0,0.0,9.0
20.14,68.63999999999999,85.88940000000001,-97.24940000000002,0,0.0,9.0
20.162499999999998,68.10000000000005,86.06287499999998,-97.96287499999993,0,0.0,9.0
20.185,67.56000000000003,86.23634999999999,-98.67634999999996,0,0.0,9.0
20.2075,67.02000000000001,86.409825,-99.38982499999999,0,0.0,9.0
20.23,66.47999999999999,86.58330000000001,-100.10330000000002,0,0.0,9.0
20.252499999999998,65.94000000000005,86.75677499999998,-100.81677499999992,0,0.0,9.0
20.275,65.40000000000003,86.93024999999999,-101.53024999999995,0,0.0,9.0
20.2975,64.86000000000001,87.103725,-102.24372499999998,0,0.0,9.0
20.32,64.32,87.27720000000001,-102.95720000000001,0,0.0,9.0
20.342499999999998,63.780000000000065,87.45067499999998,-103.6706749999999,0,0.0,9.0
20.365,63.24000000000003,87.62414999999999,-104.38414999999995,0,0.0,9.0
20.3875,62.700000000000024,87.797625,-105.09762499999997,0,0.0,9.0
20.41,62.15999999999999,87.9711,-105.81110000000001,0,0.0,9.0
20.432499999999997,61.62000000000006,88.14457499999997,-106.52457499999991,0,0.0,9.0
20.455,61.08000000000004,88.31804999999999,-107.23804999999994,0,0.0,9.0
20.4775,60.54000000000002,88.491525,-107.95152499999998,0,0.0,9.0
20.5,60.0,88.665,-108.665,0,0.0,9.0
20.5225,59.45999999999998,88.838475,-109.37847500000002,0,0.0,9.0
20.544999999999998,58.92000000000005,89.01194999999998,-110.09194999999994,0,0.0,9.0
20.5675,58.38000000000002,89.185425,-110.80542499999999,0,0.0,9.0
20.59,57.84000000000001,89.3589,-111.5189,0,0.0,9.0
20.6125,57.299999999999976,89.532375,-112.23237500000002,0,0.0,9.0
20.634999999999998,56.76000000000005,89.70584999999998,-112.94584999999994,0,0.0,9.0
20.6575,56.22000000000003,89.879325,-113.65932499999997,0,0.0,9.0
20.68,55.68000000000001,90.05279999999999,-114.37279999999998,0,0.0,9.0
20.7025,55.139999999999986,90.226275,-115.08627500000001,0,0.0,9.0
20.724999999999998,54.600000000000044,90.39974999999998,-115.79974999999993,0,0.0,9.0
20.7475,54.06000000000004,90.573225,-116.51322499999995,0,0.0,9.0
20.77,53.52,90.74669999999999,-117.2267,0,0.0,9.0
20.7925,52.98,90.920175,-117.94017500000001,0,0.0,9.0
20.814999999999998,52.440000000000055,91.09364999999998,-118.65364999999993,0,0.0,9.0
20.8375,51.900000000000034,91.267125,-119.36712499999996,0,0.0,9.0
20.86,51.360000000000014,91.44059999999999,-120.08059999999998,0,0.0,9.0
20.8825,50.81999999999999,91.614075,-120.794075,0,0.0,9.0
20.904999999999998,50.28000000000006,91.78754999999998,-121.50754999999992,0,0.0,9.0
20.9275,49.74000000000004,91.96102499999999,-122.22102499999995,0,0.0,9.0
20.95,49.20000000000002,92.13449999999999,-122.93449999999997,0,0.0,9.0
20.9725,48.66,92.307975,-123.647975,0,0.0,9.0
20.994999999999997,48.12000000000006,92.48144999999998,-124.36144999999992,0,0.0,9.0
21.0175,47.58000000000004,92.65492499999999,-125.07492499999995,0,0.0,9.0
21.04,47.04000000000002,92.82839999999999,-125.78839999999997,0,0.0,9.0
21.0625,46.5,93.001875,-126.501875,0,0.0,9.0
21.085,45.95999999999998,93.17535000000001,-127.21535000000003,0,0.0,9.0
21.107499999999998,45.420000000000044,93.34882499999999,-127.92882499999995,0,0.0,9.0
21.13,44.880000000000024,93.52229999999999,-128.64229999999998,0,0.0,9.0
21.1525,44.34,93.695775,-129.355775,0,0.0,9.0
21.175,43.79999999999998,93.86925000000001,-130.06925,0,0.0,9.0
21.197499999999998,43.26000000000005,94.04272499999999,-130.78272499999994,0,0.0,9.0
21.22,42.72000000000003,94.21619999999999,-131.49619999999996,0,0.0,9.0
21.2425,42.18000000000001,94.389675,-132.209675,0,0.0,9.0
21.265,41.639999999999986,94.56315000000001,-132.92315000000002,0,0.0,9.0
21.287499999999998,41.10000000000005,94.73662499999999,-133.63662499999992,0,0.0,9.0
21.31,40.56000000000003,94.91009999999999,-134.35009999999994,0,0.0,9.0
21.3325,40.02000000000001,95.083575,-135.063575,0,0.0,9.0
21.355,39.47999999999999,95.25705,-135.77705000000003,0,0.0,9.0
21.377499999999998,38.940000000000055,95.43052499999999,-136.49052499999993,0,0.0,9.0
21.4,38.400000000000034,95.60399999999998,-137.20399999999995,0,0.0,9.0
21.4225,37.860000000000014,95.777475,-137.91747499999997,0,0.0,9.0
21.445,37.31999999999999,95.95095,-138.63095,0,0.0,9.0
21.467499999999998,36.78000000000006,96.12442499999999,-139.34442499999994,0,0.0,9.0
21.49,36.24000000000004,96.29789999999998,-140.05789999999996,0,0.0,9.0
21.5125,35.70000000000002,96.471375,-140.77137499999998,0,0.0,9.0
21.535,35.16,96.64485,-141.48485,0,0.0,9.0
21.557499999999997,34.62000000000006,96.81832499999997,-142.1983249999999,0,0.0,9.0
21.58,34.08000000000004,96.99179999999998,-142.91179999999994,0,0.0,9.0
21.6025,33.54000000000002,97.165275,-143.625275,0,0.0,9.0
21.625,33.0,97.33875,-144.33875,0,0.0,9.0
21.6475,32.45999999999998,97.512225,-145.05222500000002,0,0.0,9.0
21.669999999999998,31.920000000000044,97.68569999999998,-145.76569999999992,0,0.0,9.0
21.6925,31.380000000000024,97.859175,-146.47917499999997,0,0.0,9.0
21.715,30.840000000000003,98.03265,-147.19265000000001,0,0.0,9.0
21.7375,30.299999999999983,98.206125,-147.90612500000003,0,0.0,9.0
21.759999999999998,29.760000000000048,98.37959999999998,-148.61959999999993,0,0.0,9.0
21.7825,29.220000000000027,98.55307499999999,-149.33307499999995,0,0.0,9.0
21.805,28.680000000000007,98.72655,-150.04655,0,0.0,9.0
21.8275,28.139999999999986,98.900025,-150.760025,0,0.0,9.0
21.849999999999998,27.60000000000005,99.07349999999998,-151.47349999999994,0,0.0,9.0
21.8725,27.06000000000003,99.24697499999999,-152.18697499999996,0,0.0,9.0
21.895,26.52000000000001,99.42045,-152.90044999999998,0,0.0,9.0
21.9175,25.97999999999999,99.593925,-153.613925,0,0.0,9.0
21.939999999999998,25.440000000000055,99.76739999999998,-154.32739999999993,0,0.0,9.0
21.9625,24.900000000000034,99.94087499999999,-155.04087499999997,0,0.0,9.0
21.985,24.360000000000014,100.11435,-155.75435,0,0.0,9.0
22.0075,23.819999999999993,100.287825,-156.467825,0,0.0,9.0
22.029999999999998,23.280000000000058,100.46129999999998,-157.1812999999999,0,0.0,9.0
22.0525,22.740000000000038,100.63477499999999,-157.89477499999995,0,0.0,9.0
22.075,22.200000000000017,100.80825,-158.60825,0,0.0,9.0
22.0975,21.659999999999997,100.981725,-159.32172500000001,0,0.0,9.0
22.119999999999997,21.12000000000006,101.15519999999998,-160.03519999999992,0,0.0,9.0
22.1425,20.58000000000004,101.32867499999999,-160.74867499999993,0,0.0,9.0
22.165,20.04000000000002,101.50214999999999,-161.46214999999995,0,0.0,9.0
22.1875,19.5,101.675625,-162.175625,0,0.0,9.0
22.21,18.95999999999998,101.8491,-162.88910000000004,0,0.0,9.0
22.232499999999998,18.420000000000044,102.02257499999999,-163.60257499999994,0,0.0,9.0
22.255,17.880000000000024,102.19604999999999,-164.31604999999996,0,0.0,9.0
22.2775,17.340000000000003,102.369525,-165.02952499999998,0,0.0,9.0
22.3,16.799999999999983,102.543,-165.74300000000002,0,0.0,9.0
22.322499999999998,16.260000000000048,102.71647499999999,-166.45647499999995,0,0.0,9.0
22.345,15.720000000000027,102.88994999999998,-167.16994999999997,0,0.0,9.0
22.3675,15.180000000000007,103.063425,-167.883425,0,0.0,9.0
22.39,14.639999999999986,103.2369,-168.5969,0,0.0,9.0
22.412499999999998,14.100000000000051,103.41037499999999,-169.31037499999994,0,0.0,9.0
22.435,13.56000000000003,103.58384999999998,-170.02384999999995,0,0.0,9.0
22.4575,13.02000000000001,103.757325,-170.737325,0,0.0,9.0
22.48,12.47999999999999,103.9308,-171.45080000000002,0,0.0,9.0
22.502499999999998,11.940000000000055,104.10427499999999,-172.16427499999992,0,0.0,9.0
22.525,11.400000000000034,104.27774999999998,-172.87774999999993,0,0.0,9.0
22.5475,10.860000000000014,104.451225,-173.59122499999998,0,0.0,9.0
22.57,10.319999999999993,104.6247,-174.30470000000003,0,0.0,9.0
22.592499999999998,9.780000000000058,104.79817499999999,-175.01817499999993,0,0.0,9.0
22.615,9.240000000000038,104.97164999999998,-175.73164999999995,0,0.0,9.0
22.6375,8.700000000000017,105.145125,-176.44512499999996,0,0.0,9.0
22.66,8.159999999999997,105.3186,-177.1586,0,0.0,9.0
22.682499999999997,7.620000000000061,105.49207499999999,-177.87207499999994,0,0.0,9.0
22.705,7.080000000000041,105.66554999999998,-178.58554999999996,0,0.0,9.0
22.7275,6.5400000000000205,105.83902499999999,-179.29902499999997,0,0.0,9.0
22.75,6.0,106.0125,-180.0125,0,0.0,9.0
22.7725,5.4599999999999795,106.185975,-180.725975,0,0.0,9.0
22.794999999999998,4.920000000000044,106.35944999999998,-181.43944999999994,0,0.0,9.0
22.8175,4.380000000000024,106.53292499999999,-182.15292499999998,0,0.0,9.0
22.84,3.8400000000000034,106.7064,-182.8664,0,0.0,9.0
22.8625,3.299999999999983,106.879875,-183.57987500000002,0,0.0,9.0
22.884999999999998,2.7600000000000477,107.05334999999998,-184.29334999999992,0,0.0,9.0
22.9075,2.2200000000000273,107.22682499999999,-185.00682499999996,0,0.0,9.0
22.93,1.6800000000000068,107.4003,-185.7203,0,0.0,9.0
22.9525,1.1399999999999864,107.573775,-186.43377500000003,0,0.0,9.0
22.974999999999998,0.6000000000000512,107.74724999999998,-187.14724999999993,0,0.0,9.0
22.9975,0.060000000000030695,107.92072499999999,-187.86072499999995,0,0.0,9.0
23.0,0.0,107.94,-187.94,0,0.0,9.0
23.02,0.0,108.0942,-188.0942,0,0.0,9.0
23.0425,0.0,108.267675,-188.267675,0,0.0,9.0
23.064999999999998,0.0,108.44114999999998,-188.44115,0,0.0,9.0
23.0875,0.0,108.61462499999999,-188.614625,0,0.0,9.0
23.11,0.0,108.7881,-188.7881,0,0.0,9.0
23.1325,0.0,108.961575,-188.96157499999998,0,0.0,9.0
23.154999999999998,0.0,109.13504999999998,-189.13504999999998,0,0.0,9.0
23.1775,0.0,109.30852499999999,-189.30852499999997,0,0.0,9.0
23.2,0.0,109.482,-189.482,0,0.0,9.0
23.2225,0.0,109.655475,-189.655475,0,0.0,9.0
23.244999999999997,0.0,109.82894999999998,-189.82894999999996,0,0.0,9.0
23.2675,0.0,110.00242499999999,-190.002425,0,0.0,9.0
23.29,0.0,110.1759,-190.1759,0,0.0,9.0
23.3125,0.0,110.349375,-190.349375,0,0.0,9.0
23.334999999999997,0.0,110.52284999999998,-190.52284999999998,0,0.0,9.0
23.357499999999998,0.0,110.69632499999999,-190.696325,0,0.0,9.0
23.38,0.0,110.8698,-190.8698,0,0.0,9.0
23.4025,0.0,111.043275,-191.043275,0,0.0,9.0
23.425,0.0,111.21675,-191.21675,0,0.0,9.0
23.447499999999998,0.0,111.39022499999999,-191.390225,0,0.0,9.0
23.47,0.0,111.5637,-191.56369999999998,0,0.0,9.0
23.4925,0.0,111.737175,-191.73717499999998,0,0.0,9.0
23.515,0.0,111.91065,-191.91065,0,0.0,9.0
23.537499999999998,0.0,112.08412499999999,-192.08412499999997,0,0.0,9.0
23.56,0.0,112.2576,-192.2576,0,0.0,9.0
23.5825,0.0,112.43107499999999,-192.431075,0,0.0,9.0
23.605,0.0,112.60455,-192.60455000000002,0,0.0,9.0
23.627499999999998,0.0,112.77802499999999,-192.77802499999999,0,0.0,9.0
23.65,0.0,112.95149999999998,-192.95149999999998,0,0.0,9.0
23.6725,0.0,113.12497499999999,-193.124975,0,0.0,9.0
23.695,0.0,113.29845,-193.29845,0,0.0,9.0
23.717499999999998,0.0,113.47192499999998,-193.471925,0,0.0,9.0
23.74,0.0,113.64539999999998,-193.6454,0,0.0,9.0
23.7625,0.0,113.81887499999999,-193.818875,0,0.0,9.0
23.785,0.0,113.99235,-193.99235,0,0.0,9.0
23.807499999999997,0.0,114.16582499999998,-194.16582499999998,0,0.0,9.0
23.83,0.0,114.33929999999998,-194.33929999999998,0,0.0,9.0
23.8525,0.0,114.51277499999999,-194.51277499999998,0,0.0,9.0
23.875,0.0,114.68625,-194.68625,0,0.0,9.0
23.897499999999997,0.0,114.85972499999998,-194.85972499999997,0,0.0,9.0
23.919999999999998,0.0,115.03319999999998,-195.03319999999997,0,0.0,9.0
23.9425,0.0,115.20667499999999,-195.206675,0,0.0,9.0
23.965,0.0,115.38015,-195.38015000000001,0,0.0,9.0
23.9875,0.0,115.55362500000001,-195.553625,0,0.0,9.0
24.009999999999998,0.0,115.72709999999998,-195.72709999999998,0,0.0,9.0
24.0325,0.0,115.90057499999999,-195.900575,0,0.0,9.0
24.055,0.0,116.07405,-196.07405,0,0.0,9.0
24.0775,0.0,116.24752500000001,-196.247525,0,0.0,9.0
24.099999999999998,0.0,116.42099999999998,-196.421,0,0.0,9.0
24.1225,0.0,116.59447499999999,-196.594475,0,0.0,9.0
24.145,0.0,116.76795,-196.76794999999998,0,0.0,9.0
24.1675,0.0,116.94142500000001,-196.941425,0,0.0,9.0
24.189999999999998,0.0,117.11489999999998,-197.11489999999998,0,0.0,9.0
24.2125,0.0,117.28837499999999,-197.28837499999997,0,0.0,9.0
24.235,0.0,117.46185,-197.46185,0,0.0,9.0
24.2575,0.0,117.635325,-197.635325,0,0.0,9.0
24.279999999999998,0.0,117.80879999999998,-197.80879999999996,0,0.0,9.0
24.3025,0.0,117.98227499999999,-197.982275,0,0.0,9.0
24.325,0.0,118.15575,-198.15575,0,0.0,9.0
24.3475,0.0,118.329225,-198.329225,0,0.0,9.0
24.369999999999997,0.0,118.50269999999998,-198.50269999999998,0,0.0,9.0
24.3925,0.0,118.67617499999999,-198.676175,0,0.0,9.0
24.415,0.0,118.84965,-198.84965,0,0.0,9.0
24.4375,0.0,119.023125,-199.023125,0,0.0,9.0
24.459999999999997,0.0,119.19659999999998,-199.1966,0,0.0,9.0
24.482499999999998,0.0,119.37007499999999,-199.37007499999999,0,0.0,9.0
24.505,0.0,119.54355,-199.54354999999998,0,0.0,9.0
24.5275,0.0,119.71702499999999,-199.71702499999998,0,0.0,9.0
24.55,0.0,119.8905,-199.8905,0,0.0,9.0
24.572499999999998,0.0,120.06397499999999,-200.06397499999997,0,0.0,9.0
24.595,0.0,120.23745,-200.23745,0,0.0,9.0
24.6175,0.0,120.41092499999999,-200.410925,0,0.0,9.0
24.64,0.0,120.5844,-200.58440000000002,0,0.0,9.0
24.662499999999998,0.0,120.75787499999998,-200.75787499999998,0,0.0,9.0
24.685,0.0,120.93135,-200.93135,0,0.0,9.0
24.7075,0.0,121.10482499999999,-201.104825,0,0.0,9.0
24.73,0.0,121.2783,-201.2783,0,0.0,9.0
24.752499999999998,0.0,121.45177499999998,-201.451775,0,0.0,9.0
24.775,0.0,121.62525,-201.62525,0,0.0,9.0
24.7975,0.0,121.79872499999999,-201.798725,0,0.0,9.0
24.82,0.0,121.9722,-201.9722,0,0.0,9.0
24.842499999999998,0.0,122.14567499999998,-202.14567499999998,0,0.0,9.0
24.865,0.0,122.31915,-202.31914999999998,0,0.0,9.0
24.8875,0.0,122.49262499999999,-202.49262499999998,0,0.0,9.0
24.91,0.0,122.6661,-202.6661,0,0.0,9.0
24.932499999999997,0.0,122.83957499999998,-202.83957499999997,0,0.0,9.0
24.955,0.0,123.01304999999999,-203.01305,0,0.0,9.0
24.9775,0.0,123.18652499999999,-203.186525,0,0.0,9.0
25.0,0.0,123.36,-203.36,0,0.0,9.0
