scenario_label,case_id,uav,axis,offset_m,route_constructible,lead_within_60s,common_warning_lead_s,minimum_pair_distance_m,total_path_length_m,total_turn_angle_rad
SYNTHETIC_SCENARIO_ONLY,POS_U1_X_-200,1,x,-200.0,True,True,25.019291131210714,46.3809278361738,1193.948972850178,1.5882972629453929
SYNTHETIC_SCENARIO_ONLY,POS_U1_X_-150,1,x,-150.0,True,True,23.23357684549643,46.38092783617391,1143.948972850178,1.5882972629453929
SYNTHETIC_SCENARIO_ONLY,POS_U1_X_-100,1,x,-100.0,True,True,21.447862559782145,46.38092783617387,1093.948972850178,1.5882972629453929
SYNTHETIC_SCENARIO_ONLY,POS_U1_X_-50,1,x,-50.0,True,True,19.662148274067857,46.38092783617386,1043.948972850178,1.5882972629453929
SYNTHETIC_SCENARIO_ONLY,POS_U1_X_+0,1,x,0.0,True,True,17.876433988353572,46.38092783617386,993.948972850178,1.5882972629453929
SYNTHETIC_SCENARIO_ONLY,POS_U1_X_+50,1,x,50.0,True,True,17.720980508784677,46.380927836173846,943.948972850178,1.5882972629453929
SYNTHETIC_SCENARIO_ONLY,POS_U1_X_+100,1,x,100.0,True,True,17.720980508784677,46.38092783617386,893.948972850178,1.5882972629453929
SYNTHETIC_SCENARIO_ONLY,POS_U1_X_+150,1,x,150.0,True,True,17.720980508784677,46.38092783617386,843.948972850178,1.5882972629453929
SYNTHETIC_SCENARIO_ONLY,POS_U1_X_+200,1,x,200.0,True,True,17.720980508784677,46.38092783617387,793.948972850178,1.5882972629453929
SYNTHETIC_SCENARIO_ONLY,POS_U1_Y_-200,1,y,-200.0,True,True,19.443942629516954,48.91806513929828,1037.8392148027528,2.0203508423882157
SYNTHETIC_SCENARIO_ONLY,POS_U1_Y_-150,1,y,-150.0,True,True,18.776613498731052,48.534513384958004,1019.1539991407476,1.9212538273196658
SYNTHETIC_SCENARIO_ONLY,POS_U1_Y_-100,1,y,-100.0,True,True,18.282808028464565,47.99032529372579,1005.327445973286,1.8148921734800454
SYNTHETIC_SCENARIO_ONLY,POS_U1_Y_-50,1,y,-50.0,True,True,17.979020390159086,47.271895101238314,996.8213921007325,1.7030678840867828
SYNTHETIC_SCENARIO_ONLY,POS_U1_Y_+0,1,y,0.0,True,True,17.876433988353572,46.38092783617386,993.948972850178,1.5882972629453929
SYNTHETIC_SCENARIO_ONLY,POS_U1_Y_+50,1,y,50.0,True,True,17.979020390159086,45.33726665921302,996.8213921007325,1.7030678840867828
SYNTHETIC_SCENARIO_ONLY,POS_U1_Y_+100,1,y,100.0,True,True,18.282808028464565,44.176806834517656,1005.327445973286,1.8148921734800454
SYNTHETIC_SCENARIO_ONLY,POS_U1_Y_+150,1,y,150.0,True,True,18.776613498731052,42.94486012765374,1019.1539991407476,1.9212538273196658
SYNTHETIC_SCENARIO_ONLY,POS_U1_Y_+200,1,y,200.0,True,True,19.443942629516954,41.687709680119326,1037.8392148027528,2.0203508423882157
SYNTHETIC_SCENARIO_ONLY,POS_U2_X_-200,2,x,-200.0,True,True,17.876433988353572,46.38092783617386,1160.8359098141161,1.3865056354866816
SYNTHETIC_SCENARIO_ONLY,POS_U2_X_-150,2,x,-150.0,True,True,17.876433988353572,46.38092783617386,1117.197505690654,1.4262130632094787
SYNTHETIC_SCENARIO_ONLY,POS_U2_X_-100,2,x,-100.0,True,True,17.876433988353572,46.38092783617386,1074.641827295812,1.4721392715699886
SYNTHETIC_SCENARIO_ONLY,POS_U2_X_-50,2,x,-50.0,True,True,17.876433988353572,46.38092783617386,1033.4402405345265,1.5256218027772466
SYNTHETIC_SCENARIO_ONLY,POS_U2_X_+0,2,x,0.0,True,True,17.876433988353572,46.38092783617386,993.948972850178,1.5882972629453929
SYNTHETIC_SCENARIO_ONLY,POS_U2_X_+50,2,x,50.0,True,True,17.876433988353572,46.38092783617386,956.6365523500535,1.662115942051066
SYNTHETIC_SCENARIO_ONLY,POS_U2_X_+100,2,x,100.0,True,True,17.876433988353572,46.38092783617386,922.1159556463658,1.7492826024148753
SYNTHETIC_SCENARIO_ONLY,POS_U2_X_+150,2,x,150.0,True,True,17.876433988353572,46.38092783617386,891.1753003539529,1.8520371523853472
SYNTHETIC_SCENARIO_ONLY,POS_U2_X_+200,2,x,200.0,True,True,17.876433988353572,46.38092783617386,864.7908451516054,1.972149905696317
SYNTHETIC_SCENARIO_ONLY,POS_U2_Y_-200,2,y,-200.0,True,True,17.876433988353572,46.38092783617386,899.3216329873885,1.1656954768473575
SYNTHETIC_SCENARIO_ONLY,POS_U2_Y_-150,2,y,-150.0,True,True,17.876433988353572,46.38092783617386,915.6169904128333,1.2890467617931227
SYNTHETIC_SCENARIO_ONLY,POS_U2_Y_-100,2,y,-100.0,True,True,17.876433988353572,46.38092783617386,937.3528571548968,1.401000879830265
SYNTHETIC_SCENARIO_ONLY,POS_U2_Y_-50,2,y,-50.0,True,True,17.876433988353572,46.38092783617386,963.723324279197,1.5006659270159837
SYNTHETIC_SCENARIO_ONLY,POS_U2_Y_+0,2,y,0.0,True,True,17.876433988353572,46.38092783617386,993.948972850178,1.5882972629453929
SYNTHETIC_SCENARIO_ONLY,POS_U2_Y_+50,2,y,50.0,True,True,17.876433988353572,46.38092783617386,1027.3358668158482,1.6648319944611778
SYNTHETIC_SCENARIO_ONLY,POS_U2_Y_+100,2,y,100.0,True,True,17.876433988353572,46.38092783617386,1063.2972869813607,1.7315107984483387
SYNTHETIC_SCENARIO_ONLY,POS_U2_Y_+150,2,y,150.0,True,True,17.876433988353572,46.38092783617386,1101.352419640266,1.7896321518684992
SYNTHETIC_SCENARIO_ONLY,POS_U2_Y_+200,2,y,200.0,True,True,17.876433988353572,46.38092783617386,1141.1140992166927,1.840418656100523
SYNTHETIC_SCENARIO_ONLY,POS_U3_X_-200,3,x,-200.0,True,True,23.019324222420494,49.173477746639925,1142.3025968319812,1.2906607718525858
SYNTHETIC_SCENARIO_ONLY,POS_U3_X_-150,3,x,-150.0,True,True,21.572735143060775,48.71897088993541,1101.798102609909,1.3479375046155848
SYNTHETIC_SCENARIO_ONLY,POS_U3_X_-100,3,x,-100.0,True,True,20.19397721250662,48.13405033992971,1063.1928805543926,1.4152212317755395
SYNTHETIC_SCENARIO_ONLY,POS_U3_X_-50,3,x,-50.0,True,True,18.90189003216076,47.37412330393704,1027.0144395047084,1.494587571577902
SYNTHETIC_SCENARIO_ONLY,POS_U3_X_+0,3,x,0.0,True,True,17.876433988353572,46.38092783617386,993.948972850178,1.5882972629453929
SYNTHETIC_SCENARIO_ONLY,POS_U3_X_+50,3,x,50.0,True,True,17.876433988353572,45.08323391947352,964.8671366955012,1.6984688115008457
SYNTHETIC_SCENARIO_ONLY,POS_U3_X_+100,3,x,100.0,True,True,17.876433988353572,43.40487157174532,940.8204257491442,1.8264110453554037
SYNTHETIC_SCENARIO_ONLY,POS_U3_X_+150,3,x,150.0,True,True,17.876433988353572,41.2858724028749,922.9707138715237,1.9715814106910785
SYNTHETIC_SCENARIO_ONLY,POS_U3_X_+200,3,x,200.0,True,True,17.876433988353572,38.717572561967586,912.4164376126383,2.1304866728722716
SYNTHETIC_SCENARIO_ONLY,POS_U3_Y_-200,3,y,-200.0,True,True,23.807749462660066,43.55478187912301,1164.378503558689,1.8155182300117754
SYNTHETIC_SCENARIO_ONLY,POS_U3_Y_-150,3,y,-150.0,True,True,22.21428571428571,44.126455897871246,1119.7615186042071,1.7730808789152168
SYNTHETIC_SCENARIO_ONLY,POS_U3_Y_-100,3,y,-100.0,True,True,20.65986255670086,44.780355214920384,1076.2376701918313,1.7226187048983612
SYNTHETIC_SCENARIO_ONLY,POS_U3_Y_-50,3,y,-50.0,True,True,19.156496552802103,45.528566146626744,1034.1434220826661,1.6619644506711961
SYNTHETIC_SCENARIO_ONLY,POS_U3_Y_+0,3,y,0.0,True,True,17.876433988353572,46.38092783617386,993.948972850178,1.5882972629453929
SYNTHETIC_SCENARIO_ONLY,POS_U3_Y_+50,3,y,50.0,True,True,17.876433988353572,47.33931028955685,956.3159876274763,1.498045372458035
SYNTHETIC_SCENARIO_ONLY,POS_U3_Y_+100,3,y,100.0,True,True,17.876433988353572,48.386232772915676,922.1715056404734,1.386980154570752
SYNTHETIC_SCENARIO_ONLY,POS_U3_Y_+150,3,y,150.0,True,True,17.876433988353572,49.465714681271486,892.7809525659053,1.2508411937176112
SYNTHETIC_SCENARIO_ONLY,POS_U3_Y_+200,3,y,200.0,True,True,17.876433988353572,50.4605328425594,869.7615186042071,1.08703299807381
